Հաշվետվության ձևավորման ամսաթիվը / 2025-12-07,Հաշվետվության ձևավորման ամսաթիվը / 2025-12-07,Հաշվետվության ձևավորման ամսաթիվը / 2025-12-07,Հաշվետվության ձևավորման ամսաթիվը / 2025-12-07
Օգտագործված են հետևյալ ֆիլտրերը,Օգտագործված են հետևյալ ֆիլտրերը,Օգտագործված են հետևյալ ֆիլտրերը,Օգտագործված են հետևյալ ֆիլտրերը
Աշակերտներ / Սեռ  / Իգական,Աշակերտներ / Սեռ  / Իգական,Աշակերտներ / Սեռ  / Իգական,Աշակերտներ / Սեռ  / Իգական
Աշակերտներ / Դպրոց ընդունվելու տարեթիվ-սկիզբ / 2013  /,Աշակերտներ / Դպրոց ընդունվելու տարեթիվ-սկիզբ / 2013  /,Աշակերտներ / Դպրոց ընդունվելու տարեթիվ-սկիզբ / 2013  /,Աշակերտներ / Դպրոց ընդունվելու տարեթիվ-սկիզբ / 2013  /
Մարզ,Շրջան/համայնք,Դպրոց,Աշակերտներ
Ընդամենը,Ընդամենը,Ընդամենը,198301
Արմավիր,Վաղարշապատ / Ակնաշեն,Ակնաշենի մ/դ,97
Տավուշ,Իջևան / Խաշթառակ,Խաշթառակի մ/դ ՊՈԱԿ,87
Տավուշ,Իջևան / Կայանավան,Հ․Հինդլյանի անվ․ Կայանի մ/դ,71
Արագածոտն,Ապարան / Ձորագլուխ,Ձորագլխի Յու. Հովհաննիսյանի անվան միջնակարգ դպրոց,11
Շիրակ,Արթիկ / Մեծ Մանթաշ,Մեծ Մանթաշի մ/դ,119
Շիրակ,Գյումրի / Գյումրի,Շիրակի Մ.Նալբանդյանի անվ. պետ.համալսարան հիմնադրամի ա/դ,97
Արագածոտն,Թալին / Շղարշիկ,Շղարշիկի Ա.Մինասյանի անվ. մ/դ,28
Լոռի,Տաշիր / Պետրովկայի,Պետրովկայի հմ/դ,9
Տավուշ,Նոյեմբերյան / Պտղավան,Պտղավանի մ/դ,61
Կոտայք,Աբովյան / Աբովյան,"""Աբովյանի կրթահամալիր"" ՊՈԱԿ",330
Երևան,Երևան / Մալաթիա,"""Դրիմ Բրիջմեն Ինթերնեյշնլ Սքուլ"" ՍՊԸ",23
Երևան,Երևան / Կենտրոն,"""Հայաստանի ազգային պոլիտեխնիկական համալսարան"" հիմնադրամի ԳՏՃՄ հմ/դ",69
Երևան,Երևան / Կենտրոն,«ԱրտՍՏԵՄ» վարժարան,48
Երևան,Երևան / Էրեբունի,«Ա․ Ֆրանսի անվ․ ֆրանսիական կրթ.»,40
Երևան,Երևան / Ավան,«Գազպրոմ Արմենիա» ՓԲԸ «Ուսումնա-սպորտային համալիր» հիմնարկի դպրոց,388
Երևան,Երևան / Կենտրոն,«Երևանի պետական համալսարան» հիմնադրամի ՍԹԵՄ դպրոց,63
Երևան,Երևան / Կենտրոն,«Էսոլարմ» ՍՊԸ,14
Գեղարքունիք,Սևան / Ծաղկունք,«Ծաղկունք բաց դպրոց» հիմնադրամ,59
Երևան,Երևան / Կենտրոն,«Կրթություն ԿՈՌՈՒ» ՍՊԸ,43
Արմավիր,Արմավիր / Մեծամոր,«Մեծամորի Սաշա Գալստյանի անվան վարժարան» ՊՈԱԿ,175
Տավուշ,Դիլիջան / Դիլիջան,«Մոնթե Մելքոնյանի» անվ․ ռազմամարզական վարժարան,22
Երևան,Երևան / Նոր Նորք,«Շիրակացու ճեմարան» միջազգային գիտակրթական համալիր,728
Շիրակ,Գյումրի / Գյումրի,«Շիրակի Մ․ Նալբանդյանի անվ․ պետական համալսարան» հիմնադրամի հ/դ,55
Լոռի,Վանաձոր / Վանաձոր,«Քարհանյան դպրոց» ՍՊԸ,15
Շիրակ,Գյումրի / Գյումրի,«Ֆոտոն» վարժ.,498
Կոտայք,Աբովյան / Աբովյան,Աբովյանի Արթուր Վանոյանի անվան թիվ 6 հմ/դ,169
Երևան,Երևան / Էրեբունի,"Ազատազրկման ձևով պատիժ կրող, կալանավորված անձանց հտ մ/դ",1
Արագածոտն,Արագած / Ավշեն,Ավշենի Մաքսիմ Խամոյանի անվան հիմնական դպրոց,10
Շիրակ,Գյումրի / Գյումրի,Արարատ կրթահամալիր,41
Արմավիր,Արմավիր / Արտաշար,Արտաշարի մ/դ,74
Երևան,Երևան / Էրեբունի,Ա․ Իսահակյանի անվան 16 ավագ,207
Լոռի,Գուգարք / Բազում,Բազումի Մարշալ Բաղրամյանի անվ. հմ/դ,10
Լոռի,Ալավերդի / Մեծ Այրում,գ Մեծ Այրումի մ/դ,51
Արարատ,Արտաշատ / Աբովյան,գ. Աբովյանի մ/դ,97
Վայոց Ձոր,Եղեգնաձոր / Ագարակաձոր,գ. Ագարակաձորի Յու. Խաչատրյանի անվան մ/դ,88
Արագածոտն,Թալին / Ագարակավան,գ. Ագարակավանի մ/դ,49
Արագածոտն,Աշտարակ / Ագարակ,գ. Ագարակի Տ.Թերլեմեզյանի անվ. մ/դ,97
Սյունիք,Կապան / Ագարակ,գ. Ագարակի հմ/դ,2
Լոռի,Ստեփանավան / Ագարակ,գ. Ագարակի մ/դ,59
Տավուշ,Իջևան / Ազատամուտ,գ. Ազատամուտի մ/դ,206
Շիրակ,Ախուրյան / Ազատան,գ. Ազատանի մ/դ,327
Արարատ,Մասիս / Ազատաշեն,գ. Ազատաշենի հմ/դ,33
Արարատ,Արտաշատ / Ազատավան,գ. Ազատավանի մ/դ,218
Վայոց Ձոր,Վայք / Ազատեկ,գ. Ազատեկի մ/դ,33
Գեղարքունիք,Վարդենիս / Ազատ,գ. Ազատի հմ/դ,3
Լոռի,Գուգարք / Ազնվաձոր,գ. Ազնվաձորի մ/դ,22
Լոռի,Ալավերդի / Աթան,գ. Աթանի հմ/դ,9
Արագածոտն,Ալագյազ / Ալագյազ,գ. Ալագյազի մ/դ,24
Կոտայք,Հրազդան / Ալափարս,գ. Ալափարսի մ/դ,119
Սյունիք,Մեղրի / Ալվանք,գ. Ալվանքի մ/դ,16
Շիրակ,Ամասիա / Ալվար,գ. Ալվարի մ/դ,7
Սյունիք,Սիսիան / Ախլաթյան,գ. Ախլաթյանի մ/դ,21
Շիրակ,Ախուրյան / Ախուրիկ,գ. Ախուրիկի մ/դ,45
Շիրակ,Ախուրյան / Ախուրյան,գ. Ախուրյանի թիվ 1 հմ/դ,183
Շիրակ,Ախուրյան / Ախուրյան,գ. Ախուրյանի թիվ 2 հմ/դ,166
Գեղարքունիք,Վարդենիս / Ախպրաձոր,գ. Ախպրաձորի մ/դ,21
Արմավիր,Վաղարշապատ / Ակնալիճ,գ. Ակնալճի Ա.Հարությունյանի անվ. մ/դ,204
Տավուշ,Իջևան / Ակնաղբյուր,գ. Ակնաղբյուրի հմ/դ,19
Սյունիք,Գորիս / Ակներ,գ. Ակների Գ․Խաչատրյանի անվ․ մ/դ,65
Կոտայք,Աբովյան / Ակունք,գ. Ակունքի մ/դ,157
Գեղարքունիք,Վարդենիս / Ակունք,գ. Ակունքի մ/դ,147
Արագածոտն,Թալին / Ակունք,գ. Ակունքի մ/դ,24
Լոռի,Ալավերդի / Ահնիձոր,գ. Ահնիձորի հմ/դ,4
Վայոց Ձոր,Եղեգնաձոր / Աղավնաձոր,գ. Աղավնաձորի Գ. Գրիգորյանի անվան մ/դ,86
Կոտայք,Հրազդան / Աղավնաձոր,գ. Աղավնաձորի Զ.Դանիելյանի անվ. մ/դ,79
Տավուշ,Դիլիջան / Աղավնավանք,գ. Աղավնավանքի մ/դ,18
Արմավիր,Վաղարշապատ / Աղավնատուն,գ. Աղավնատան Ղ.Աբգարյանի անվ. մ/դ,211
Գեղարքունիք,Ճամբարակ / Աղբերք,գ. Աղբերքի մ/դ,23
Շիրակ,Անի / Աղին,գ. Աղինի մ/դ,24
Սյունիք,Սիսիան / Աղիտու,գ. Աղիտուի հմ/դ,15
Արագածոտն,Աշտարակ / Աղձք,գ. Աղձքի մ/դ,100
Վայոց Ձոր,Եղեգնաձոր / Աղնջաձոր,գ. Աղնջաձորի մ/դ,20
Շիրակ,Ամասիա / Աղվորիկ,գ. Աղվորիկի հմ/դ,3
Սյունիք,Կապան / Աճանան,գ. Աճանանի մ/դ,36
Տավուշ,Իջևան / Աճարկուտ,գ. Աճարկուտի հմ/դ,5
Շիրակ,Ամասիա / Ամասիա,գ. Ամասիայի մ/դ,108
Արմավիր,Վաղարշապատ / Ամբերդ,գ. Ամբերդի Հ.Նավասարդյանի անվ. մ/դ,116
Լոռի,Գյուլագարակ / Ամրակից,գ. Ամրակիցի մ/դ,27
Շիրակ,Ախուրյան / Այգաբաց,գ. Այգաբացի մ/դ,43
Արարատ,Արարատ / Այգավան,գ. Այգավանի մ/դ,190
Արարատ,Արտաշատ / Այգեզարդ,գ. Այգեզարդի Ա.Ղարիբյանի անվ. մ/դ,227
Արմավիր,Վաղարշապատ / Այգեկ,գ. Այգեկի Մուշեղ Մովսիսյանի անվ. մ/դ,150
Լոռի,Ալավերդի / Այգեհատ,գ. Այգեհատի հմ/դ,4
Տավուշ,Իջևան / Այգեհովիտ,գ. Այգեհովիտի մ/դ,160
Տավուշ,Տավուշ / Այգեձոր,գ. Այգեձորի մ/դ,104
Արմավիր,Վաղարշապատ / Այգեշատ,գ. Այգեշատի մ/դ,107
Արմավիր,Արմավիր / Այգեշատ,գ. Այգեշատի Յու.Հովհաննիսյանի անվ. մ/դ,95
Արարատ,Արտաշատ / Այգեպատ,գ. Այգեպատի մ/դ,96
Արարատ,Արտաշատ / Այգեստան,գ. Այգեստանի մ/դ,180
Արմավիր,Արմավիր / Այգևան,գ. Այգեվանի Մ.Խորենացու անվ. մ/դ,107
Գեղարքունիք,Ճամբարակ / Այգուտ,գ. Այգուտի մ/դ,34
Արարատ,Մասիս / Այնթապ,գ. Այնթապի Բյուզանդ Մարգարյանի անվ. թիվ 2 մ/դ,554
Արարատ,Մասիս / Այնթապ,գ. Այնթապի թիվ 1 մ/դ,346
Տավուշ,Նոյեմբերյան / Այրում,գ. Այրումի Հ.Մալինյանի անվ. մ/դ,108
Գեղարքունիք,Վարդենիս / Այրք,գ. Այրքի մ/դ,15
Սյունիք,Սիսիան / Անգեղակոթ,գ. Անգեղակոթի մ/դ,63
Շիրակ,Անի / Անիպեմզա,գ. Անիպեմզայի մ/դ,23
Շիրակ,Արթիկ / Անուշավան,գ. Անուշավանի մ/դ,119
Գեղարքունիք,Ճամբարակ / Անտառամեջ,գ. Անտառամեջի մ/դ,15
Լոռի,Գուգարք / Անտառամուտ,գ. Անտառամուտի հմ/դ,6
Արագածոտն,Աշտարակ / Անտառուտ,գ. Անտառուտի մ/դ,58
Արագածոտն,Թալին / Աշնակ,գ. Աշնակի Գ.Չաուշի անվ. մ/դ,75
Սյունիք,Սիսիան / Աշոտավան,գ. Աշոտավանի մ/դ,24
Շիրակ,Աշոցք / Աշոցք,գ. Աշոցքի մ/դ,147
Տավուշ,Իջևան / Աչաջուր,գ. Աչաջրի մ/դ,282
Արմավիր,Վաղարշապատ / Ապագա,գ. Ապագայի մ/դ,100
Արմավիր,Վաղարշապատ / Առատաշեն,գ. Առատաշենի Գ. Գրիգորյանի անվ. մ/դ,168
Շիրակ,Ախուրյան / Առափի,գ. Առափիի մ/դ,49
Կոտայք,Աբովյան / Առինջ,գ. Առինջի Կ.Ծառուկյանի անվ. մ/դ,313
Գեղարքունիք,Մարտունի / Աստղաձոր,գ. Աստղաձորի մ/դ,300
Գեղարքունիք,Վարդենիս / Ավազան,գ. Ավազանի հմ/դ,9
Արագածոտն,Աշտարակ / Ավան,գ. Ավանի Ա.Սերոբի անվ. մ/դ,54
Արարատ,Արարատ / Ավշար,գ. Ավշարի մ/դ,195
Արագածոտն,Թալին / Արագածավան,գ. Արագածավանի թիվ 1 մ/դ,220
Արագածոտն,Թալին / Արագածավան,գ. Արագածավանի թիվ 2 մ/դ,186
Արագածոտն,Ապարան / Արագած,գ. Արագածի թիվ 1 մ/դ,112
Արագածոտն,Ապարան / Արագած,գ. Արագածի թիվ 2 մ/դ,56
Արմավիր,Վաղարշապատ / Արագած,գ. Արագածի Մ.Մեխակյանի անվ. մ/դ,166
Արագածոտն,Աշտարակ / Արագածոտն,գ. Արագածոտնի մ/դ,49
Կոտայք,Նաիրի / Արագյուղ,"գ. Արագյուղի ""Տիգրանակերտ կրթարան"" մ/դ",57
Արմավիր,Արմավիր / Արազափ,գ. Արազափի Թ. Հուրյանի անվ. մ/դ,82
Արարատ,Արարատ / Արալեզ,գ. Արալեզի մ/դ,189
Կոտայք,Աբովյան / Արամուս,գ. Արամուսի Վ.Առաքելյանի անվ. մ/դ,264
Արագածոտն,Ապարան / Արայի,գ. Արայի հմ/դ,16
Սյունիք,Գորիս / Արավուս,գ. Արավուսի տ/դ,3
Արարատ,Արարատ / Արարատ,գ. Արարատի թիվ 1 մ/դ,170
Արարատ,Արարատ / Արարատ,գ. Արարատի թիվ 2 մ/դ,160
Արարատ,Արարատ / Արարատ,գ. Արարատի թիվ 3 մ/դ,147
Արարատ,Արտաշատ / Արաքսավան,գ. Արաքսավանի մ/դ,78
Արմավիր,Արմավիր / Արաքս,գ. Արաքսի Զ.Ավետիսյանի անվ. մ/դ,77
Արմավիր,Վաղարշապատ / Արաքս,գ. Արաքսի մ/դ,82
Արարատ,Մասիս / Արբաթ,գ. Արբաթի Հ.Զաքարյանի անվ. մ/դ,138
Արարատ,Մասիս / Արգավանդ,գ. Արգավանդի մ/դ,159
Արմավիր,Արմավիր / Արգավանդ,գ. Արգավանդի մ/դ,143
Կոտայք,Նաիրի / Արգել,գ. Արգելի Վ.Անանյանի անվ. մ/դ,212
Արմավիր,Բաղրամյան / Արգինա,գ. Արգինայի մ/դ,43
Շիրակ,Ամասիա / Արդենիս,գ. Արդենիսի հմ/դ,3
Լոռի,Ալավերդի / Արդվի,գ. Արդվու հմ/դ,5
Շիրակ,Ամասիա / Արեգնադեմ,գ. Արեգնադեմի մ/դ,33
Գեղարքունիք,Վարդենիս / Արեգունի,գ. Արեգունու մ/դ,18
Վայոց Ձոր,Եղեգնաձոր / Արենի,գ. Արենիի մ/դ,140
Կոտայք,Հրազդան / Արզական,գ. Արզականի Խ.Խաչատրյանի անվ. մ/դ,152
Կոտայք,Աբովյան / Արզնի,գ. Արզնիի մ/դ,216
Վայոց Ձոր,Վայք / Արին,գ. Արինի մ/դ,19
Լոռի,Տաշիր / Արծնի,գ. Արծնիի մ/դ,32
Տավուշ,Տավուշ / Արծվաբերդ,գ. Արծվաբերդի թիվ 2 հմ/դ,44
Տավուշ,Տավուշ / Արծվաբերդ,գ. Արծվաբերդի թիվ 1 մ/դ,123
Սյունիք,Կապան / Արծվանիկ,գ. Արծվանիկի մ/դ,45
Գեղարքունիք,Մարտունի / Արծվանիստ,գ. Արծվանիստի մ/դ,172
Տավուշ,Նոյեմբերյան / Արճիս,գ. Արճիսի մ/դ,65
Լոռի,Ստեփանավան / Արմանիս,գ. Արմանիսի հմ/դ,11
Արարատ,Արարատ / Արմաշ,գ. Արմաշի մ/դ,184
Արմավիր,Մեծամոր / Գ.Արմավիր,գ. Արմավիրի մ/դ,162
Արմավիր,Վաղարշապատ / Արշալույս,գ. Արշալույսի Ս.Գրիգորյանի անվ. մ/դ,236
Արագածոտն,Աշտարակ / Արուճ,գ. Արուճի մ/դ,73
Լոռի,Սպիտակ / Ղուրսալի,գ. Արջհովիտի մ/դ,14
Լոռի,Գուգարք / Արջուտ,գ. Արջուտի մ/դ,48
Վայոց Ձոր,Եղեգնաձոր / Արտաբույնք,գ. Արտաբույնքի մ/դ,52
Արմավիր,Բաղրամյան / Արտամետ,գ. Արտամետի Գուրգեն Մարգարյանի անվ. մ/դ,21
Գեղարքունիք,Ճամբարակ / Արտանիշ,գ. Արտանիշի մ/դ,44
Արագածոտն,Աշտարակ / Արտաշատավան,գ. Արտաշավանի մ/դ,53
Կոտայք,Հրազդան / Արտավազ,գ. Արտավազի մ/դ,24
Վայոց Ձոր,Վայք / Արտավան,գ. Արտավանի մ/դ,12
Արագածոտն,Թալին / Արտենի,գ. Արտենիի թիվ 1 մ/դ,139
Արագածոտն,Թալին / Արտենի,գ. Արտենիի հիմնական դպրոց,50
Արմավիր,Վաղարշապատ / Արտիմետ,գ. Արտիմետի մ/դ,108
Շիրակ,Աշոցք / Արփենի,գ. Արփենիի մ/դ,21
Վայոց Ձոր,Եղեգնաձոր / Արփի,գ. Արփիի Վ. Լևոնյանի անվան մ/դ,68
Գեղարքունիք,Վարդենիս / Արփունք,գ. Արփունքի մ/դ,15
Արարատ,Մասիս / Արևաբույր,գ. Արևաբույրի Հ.Թադևոսյանի անվ. մ/դ,100
Արմավիր,Բաղրամյան / Արևադաշտ,գ. Արևադաշտի մ/դ,30
Լոռի,Ալավերդի / Արևածագ,գ. Արևածագի Կ․ Մելիքսեթյան անվ․ մ/դ,51
Արմավիր,Վաղարշապատ / Արևաշատ,գ. Արևաշատի մ/դ,98
Լոռի,Սպիտակ / Արևաշող,գ. Արևաշողի մ/դ,134
Շիրակ,Ախուրյան / Արևիկ,գ. Արևիկի մ/դ,124
Արմավիր,Արմավիր / Արևիկ,գ. Արևիկի մ/դ,175
Սյունիք,Սիսիան / Արևիս,գ. Արևիսի հմ/դ,2
Արարատ,Արտաշատ / Արևշատ,գ. Արևշատի մ/դ,122
Արագածոտն,Ապարան / Ափնագյուղ,գ. Ափնայի մ/դ,43
Լոռի,Ալավերդի / Աքորի,գ. Աքորու մ/դ,136
Արմավիր,Բաղրամյան / Բագարան,գ. Բագարանի մ/դ,41
Շիրակ,Անի / Բագրավան,գ. Բագրավանի մ/դ,46
Տավուշ,Նոյեմբերյան / Բագրատաշեն,գ. Բագրատաշենի թիվ 2 հմ/դ,57
Տավուշ,Նոյեմբերյան / Բագրատաշեն,գ. Բագրատաշենի Մ․ Մագուլյանի անվան թիվ 1 մ/դ,124
Արագածոտն,Աշտարակ / Բազմաղբյուր,գ. Բազմաղբյուրի մ/դ,44
Լոռի,Գուգարք / Բազում,գ. Բազումի մ/դ,43
Կոտայք,Աբովյան / Բալահովիտ,գ. Բալահովիտի Ի.Վիրաբյանի անվ. մ/դ,209
Սյունիք,Սիսիան / Բալաք,գ. Բալաքի տ/դ,1
Տավուշ,Նոյեմբերյան / Բաղանիս,գ. Բաղանիսի մ/դ,30
Արմավիր,Բաղրամյան / Բաղրամյան,գ. Բաղրամյան մ/դ,56
Արմավիր,Վաղարշապատ / Բաղրամյան,գ. Բաղրամյանի մ/դ,167
Արարատ,Արտաշատ / Բաղրամյան,գ. Բաղրամյանի մ/դ,244
Արմավիր,Արմավիր / Բամբակաշատ,գ. Բամբակաշատի մ/դ,192
Շիրակ,Ամասիա / Բանդիվան,գ. Բանդիվանի մ/դ,25
Շիրակ,Աշոցք / Բավրա,գ. Բավրայի մ/դ,26
Տավուշ,Նոյեմբերյան / Բարեկամավան,գ. Բարեկամավանի մ/դ,1
Արարատ,Արտաշատ / Բարձրաշեն,գ. Բարձրաշենի մ/դ,110
Սյունիք,Գորիս / Բարձրավան,գ. Բարձրավանի մ/դ,6
Վայոց Ձոր,Վայք / Բարձրունի,գ. Բարձրունու մ/դ,12
Շիրակ,Ախուրյան / Բենիամին,գ. Բենիամինի մ/դ,43
Շիրակ,Ամասիա / Բերդաշեն,գ. Բերդաշենի մ/դ,10
Տավուշ,Նոյեմբերյան / Բերդավան,գ. Բերդավանի մ/դ,190
Արարատ,Արտաշատ / Բերդիկ,գ. Բերդիկի մ/դ,52
Տավուշ,Իջևան / Բերքաբեր,գ. Բերքաբերի մ/դ,39
Արմավիր,Արմավիր / Բերքաշատ,գ. Բերքաշատի մ/դ,41
Արագածոտն,Արագած / Բերքառատ,գ. Բերքառատի մ/դ,44
Լոռի,Տաշիր / Բլագոդարնոյե,գ. Բլագոդարնոյեի հմ/դ,24
Արագածոտն,Աշտարակ / Բյուրական,գ. Բյուրականի Հ.Թումանյանի անվ. մ/դ,267
Շիրակ,Ամասիա / Բյուրակն,գ. Բյուրակնի մ/դ,37
Արարատ,Արտաշատ / Բյուրավան,գ. Բյուրավանի մ/դ,66
Սյունիք,Սիսիան / Բնունիս,գ. Բնունիսի հմ/դ,8
Լոռի,Ստեփանավան / Բովաձոր,գ. Բովաձորի մ/դ,8
Կոտայք,Նաիրի / Բուժական,գ. Բուժականի մ/դ,78
Կոտայք,Հրազդան / Բջնի,գ. Բջնիի Հ.Թումանյանի անվ. մ/դ,202
Սյունիք,Սիսիան / Բռնակոթ,գ. Բռնակոթի մ/դ,96
Գեղարքունիք,Սևան / Գագարին,գ. Գագարինի մ/դ,109
Արմավիր,Վաղարշապատ / Գայ,գ. Գայի մ/դ,249
Գեղարքունիք,Գավառ / Գանձակ,գ. Գանձակի թիվ 1 մ/դ,107
Գեղարքունիք,Գավառ / Գանձակ,գ. Գանձակի հ․ 2 մ/դ,93
Տավուշ,Իջևան / Գանձաքար,գ. Գանձաքարի մ/դ,233
Արագածոտն,Թալին / Գառնահովիտ,գ. Գառնահովիտի մ/դ,7
Շիրակ,Ամասիա / Գառնառիճ,գ. Գառնառիճի մ/դ,14
Կոտայք,Աբովյան / Գառնի Բանավան,գ. Գառնի Բանավանի հմ/դ,94
Կոտայք,Աբովյան / Գառնի,գ. Գառնիի Ատոմի անվան հ. 2 ա/դ,134
Կոտայք,Աբովյան / Գառնի,գ. Գառնիի Ա․Հակոբյանի անվ․ թիվ 1 հմ/դ,383
Լոռի,Ստեփանավան / Գարգառ,գ. Գարգառի Վ.Բալայանի անվ. մ/դ,69
Կոտայք,Աբովյան / Գեղադիր,գ. Գեղադիրի մ/դ,43
Արագածոտն,Արագած / Գեղադիր,գ. Գեղադիրի Ռ․ Խաչատրյանի մ/դ,50
Արմավիր,Վաղարշապատ / Գեղակերտ,գ. Գեղակերտի մ/դ,149
Արագածոտն,Արագած / Գեղաձոր,գ. Գեղաձորի մ/դ,45
Գեղարքունիք,Վարդենիս / Գեղամաբակ,գ. Գեղամաբակի հմ/դ,1
Գեղարքունիք,Վարդենիս / Գեղամասար,գ. Գեղամասարի մ/դ,103
Գեղարքունիք,Սևան / Գեղամավան,գ. Գեղամավանի Ա.Աբրահամյանի անվ. մ/դ,72
Շիրակ,Արթիկ / Գեղանիստ,գ. Գեղանիստի մ/դ,74
Արարատ,Մասիս / Գեղանիստ,գ. Գեղանիստի մ/դ,223
Սյունիք,Կապան / Գեղանուշ,գ. Գեղանուշի մ/դ,25
Կոտայք,Աբովյան / Գեղաշեն,գ. Գեղաշենի մ/դ,371
Լոռի,Սպիտակ / Գեղասար,գ. Գեղասարի մ/դ,21
Կոտայք,Աբովյան / Գեղարդ,գ. Գեղարդի մ/դ,18
Արագածոտն,Արագած / Գեղարոտ,գ. Գեղարոտի մ/դ,24
Գեղարքունիք,Գավառ / Գեղարքունիք,գ. Գեղարքունիքի մ/դ,81
Սյունիք,Կապան / Գեղի,գ. Գեղիի մ/դ,14
Գեղարքունիք,Մարտունի / Գեղհովիտ,գ. Գեղհովիտի h. 2 մ/դ,173
Գեղարքունիք,Մարտունի / Գեղհովիտ,գ. Գեղհովիտի հ․ 1 մ/դ,175
Արարատ,Արտաշատ / Գետազատ,գ. Գետազատի մ/դ,118
Տավուշ,Իջևան / Գետահովիտ,գ. Գետահովիտի մ/դ,131
Կոտայք,Նաիրի / Գետամեջ,գ. Գետամեջի մ/դ,47
Արմավիր,Արմավիր / Գետաշեն,գ. Գետաշենի մ/դ,122
Կոտայք,Աբովյան / Գետարգել,գ. Գետարգելի հմ/դ,81
Շիրակ,Արթիկ / Գետափ,գ. Գետափի Գ. Արշակյանի անվան մ/դ,45
Արագածոտն,Թալին / Գետափ,գ. Գետափի հմ/դ,5
Վայոց Ձոր,Եղեգնաձոր / Գետափ,գ. Գետափի մ/դ,98
Գեղարքունիք,Ճամբարակ / Գետիկ,գ. Գետիկի մ/դ,23
Շիրակ,Ախուրյան / Գետք,գ. Գետքի մ/դ,36
Վայոց Ձոր,Եղեգնաձոր / Գլաձոր,գ. Գլաձորի մ/դ,91
Լոռի,Ստեփանավան / Գյուլագարակ,գ. Գյուլագարակի մ/դ,159
Վայոց Ձոր,Վայք / Գնդևազ,գ. Գնդեվազի մ/դ,40
Լոռի,Սպիտակ / Գոգարան,գ. Գոգարանի մ/դ,62
Շիրակ,Աշոցք / Գոգհովիտ,գ. Գոգհովիտի մ/դ,20
Վայոց Ձոր,Եղեգնաձոր / Գողթանիկ,գ. Գողթանիկի հմ/դ,5
Կոտայք,Աբովյան / Գողթ,գ. Գողթի մ/դ,166
Վայոց Ձոր,Վայք / Գոմք,գ. Գոմքի մ/դ,19
Տավուշ,Դիլիջան / Գոշ,գ. Գոշի թիվ 1 մ/դ,53
Տավուշ,Դիլիջան / Գոշ,գ. Գոշի թիվ 2 հմ/դ,18
Արարատ,Արարատ / Գոռավան,գ. Գոռավանի մ/դ,148
Սյունիք,Սիսիան / Գորայք,գ. Գորայքի մ/դ,19
Լոռի,Վանաձոր / Գուգարք,գ. Գուգարքի Հ.Շիրազի անվ. մ/դ,125
Շիրակ,Անի / Գուսանագյուղ,գ. Գուսանագյուղի մ/դ,46
Շիրակ,Ամասիա / Գտաշեն,գ. Գտաշենի մ/դ,8
Արմավիր,Վաղարշապատ / Գրիբոյեդով,գ. Գրիբոյեդովի Վ.Ռոստոմյանի անվ. մ/դ,105
Արարատ,Արտաշատ / Դալար,գ. Դալարի մ/դ,100
Արմավիր,Բաղրամյան / Դալարիկ,գ. Դալարիկի Հովհաննես Հովհաննիսյանի անվ. N1 մ/դ,259
Արագածոտն,Թալին / Դաշտադեմ,գ. Դաշտադեմի Գ.Բաղդասարյանի անվ. մ/դ,18
Լոռի,Տաշիր / Դաշտադեմ,գ. Դաշտադեմի մ/դ,2
Արարատ,Մասիս / Դաշտավան,գ. Դաշտավանի Տոնոյանի անվ. մ/դ,187
Արարատ,Արարատ / Դաշտաքար,գ. Դաշտաքարի մ/դ,51
Արմավիր,Վաղարշապատ / Դաշտ,գ. Դաշտի մ/դ,77
Արագածոտն,Թալին / Դավթաշեն,գ. Դավթաշենի մ/դ,27
Սյունիք,Կապան / Դավիթ Բեկ,գ. Դավիթբեկի մ/դ,19
Արարատ,Մասիս / Դարակերտ,գ. Դարակերտի մ/դ,173
Սյունիք,Սիսիան / Դարբաս,գ. Դարբասի մ/դ,31
Արարատ,Մասիս / Դարբնիկ,գ. Դարբնիկի մ/դ,105
Լոռի,Գուգարք / Դարպաս,գ. Դարպասի մ/դ,74
Գեղարքունիք,Սևան / Դդմաշեն,գ. Դդմաշենի մ/դ,118
Արագածոտն,Թալին / Դդմասար,գ. Դդմասարի հմ/դ,5
Տավուշ,Նոյեմբերյան / Դեբեդավան,գ. Դեբեդավանի մ/դ,49
Լոռի,Գուգարք / Դեբետ,գ. Դեբեդի մ/դ,57
Տավուշ,Նոյեմբերյան / Դեղձավան,գ. Դեղձավանի հմ/դ,25
Արարատ,Արտաշատ / Դեղձուտ,գ. Դեղձուտի մ/դ,60
Արագածոտն,Թալին / Դիան,գ. Դիանի հմ/դ,4
Արարատ,Արտաշատ / Դիմիտրով,գ. Դիմիտրովի մ/դ,142
Արարատ,Արտաշատ / Դիտակ,գ. Դիտակի մ/դ,47
Տավուշ,Իջևան / Դիտավան,գ. Դիտավանի հմ/դ,22
Արմավիր,Վաղարշապատ / Դողս,գ. Դողսի մ/դ,82
Տավուշ,Նոյեմբերյան / Դովեղ,գ. Դովեղի մ/դ,23
Գեղարքունիք,Ճամբարակ / Դպրաբակ,գ. Դպրաբակի մ/դ,55
Լոռի,Ալավերդի / Դսեղ,գ. Դսեղի Հ.Թումանյանի անվ. մ/դ,90
Գեղարքունիք,Ճամբարակ / Դրախտիկ,գ. Դրախտիկի մ/դ,88
Վայոց Ձոր,Եղեգնաձոր / Ելփին,գ. Ելփինի մ/դ,51
Սյունիք,Կապան / Եղեգ,գ. Եղեգի մ/դ,12
Վայոց Ձոր,Եղեգնաձոր / Եղեգիս,գ. Եղեգիսի մ/դ,23
Արարատ,Վեդի / Եղեգնավան,գ. Եղեգնավանի մ/դ,128
Լոռի,Փամբակ / Եղեգնուտ,գ. Եղեգնուտի մ/դ,21
Արմավիր,Արմավիր / Եղեգնուտ,գ. Եղեգնուտի մ/դ,128
Արագածոտն,Ապարան / Եղիպատրուշ,գ. Եղիպատրուշի մ/դ,25
Արագածոտն,Թալին / Եղնիկ,գ. Եղնիկի հմ/դ,15
Սյունիք,Կապան / Եղվարդ,գ. Եղվարդի մ/դ,16
Տավուշ,Իջևան / Ենոքավան,գ. Ենոքավանի մ/դ,40
Շիրակ,Ախուրյան / Երազգավորս,գ. Երազգավորսի մ/դ,98
Գեղարքունիք,Մարտունի / Երանոս,գ. Երանոսի հ․ 1 մ/դ,149
Գեղարքունիք,Մարտունի / Երանոս,գ. Երանոսի հ․ 2 մ/դ,79
Արմավիր,Արմավիր / Երասխահուն,գ. Երասխահունի Մ. Գևորգյանի անվ. մ/դ,95
Արարատ,Արարատ / Երասխ,գ. Երասխի մ/դ,62
Արագածոտն,Ապարան / Երնջատափ,գ. Երնջատապի մ/դ,35
Արմավիր,Բաղրամյան / Երվանդաշատ,գ. Երվանդաշատի մ/դ,25
Արարատ,Արարատ / Զանգակատուն,գ. Զանգակատան մ/դ,62
Կոտայք,Աբովյան / Զառ,գ. Զառի Ժ.Սարգսյանի անվ. մ/դ,106
Վայոց Ձոր,Վայք / Զառիթափ,գ. Զառիթափի Ա.Մելիքյանի անվ. մ/դ,74
Արմավիր,Արմավիր / Զարթոնք,գ. Զարթոնքի մ/դ,119
Արագածոտն,Թալին / Զարինջա,գ. Զարինջայի մ/դ,33
Շիրակ,Ամասիա / Զարիշատ,գ. Զարիշատի հմ/դ,5
Գեղարքունիք,Մարտունի / Զոլաքար,գ. Զոլաքարի Ա.Վարդանյանի անվ. հ․ 2 մ/դ,185
Գեղարքունիք,Մարտունի / Զոլաքար,գ. Զոլաքարի հ․ 1 մ/դ,116
Գեղարքունիք,Սևան / Զովաբեր,գ. Զովաբերի մ/դ,77
Արագածոտն,Թալին / Զովասար,գ. Զովասարի մ/դ,21
Կոտայք,Նաիրի / Զովունի,գ. Զովունիի Ռ.Բաղդասարյանի անվ. մ/դ,429
Կոտայք,Աբովյան / Զովք,գ. Զովքի Գ.Շահինյանի անվ. մ/դ,65
Տավուշ,Նոյեմբերյան / Զորական,գ. Զորականի մ/դ,50
Շիրակ,Ամասիա / Զորակերտ,գ. Զորակերտի մ/դ,3
Արարատ,Մասիս / Զորակ,գ. Զորակի Մոնթե Մելքոնյանի անվան մ/դ,151
Կոտայք,Նաիրի / Զորավան,գ. Զորավանի մ/դ,126
Շիրակ,Աշոցք / Զույգաղբյուր,գ. Զույգաղբյուրի մ/դ,28
Արագածոտն,Թալին / Թաթուլ,գ. Թաթուլի մ/դ,46
Արմավիր,Վաղարշապատ / Թաիրով,գ. Թաիրովի մ/դ,243
Վայոց Ձոր,Եղեգնաձոր / Թառաթումբ,գ. Թառաթումբի մ/դ,18
Սյունիք,Սիսիան / Թասիկ,գ. Թասիկի հմ/դ,11
Շիրակ,Աշոցք / Թավշուտ,գ. Թավշուտի մ/դ,20
Կոտայք,Նաիրի / Թեղենիք,գ. Թեղենիքի Վ.Ջինիշյանի անվ. մ/դ,16
Լոռի,Ալավերդի / Թեղուտ,գ. Թեղուտի մ/դ,49
Տավուշ,Դիլիջան / Թեղուտ,գ. Թեղուտի մ/դ,127
Գեղարքունիք,Ճամբարակ / Թթուջուր,գ. Թթուջուրի մ/դ,48
Արագածոտն,Ապարան / Թթուջուր,գ. Թթուջրի հմ/դ,7
Արագածոտն,Թալին / Թլլք,գ. Թլիկի հմ/դ,6
Տավուշ,Տավուշ / Իծաքար,գ. Իծաքարի հմ/դ,15
Սյունիք,Սիսիան / Իշխանասար,գ. Իշխանասարի հմ/դ,26
Շիրակ,Անի / Իսահակյան,գ. Իսահակյանի մ/դ,55
Արագածոտն,Թալին / Իրինդ,գ. Իրինդի Մ.Քոթանյանի անվ. մ/դ,33
Արարատ,Արտաշատ / Լանջազատ,գ. Լանջազատի մ/դ,89
Գեղարքունիք,Գավառ / Լանջաղբյուր,գ. Լանջաղբյուրի մ/դ,108
Արարատ,Արարատ / Լանջառ,գ. Լանջառի հմ/դ,11
Շիրակ,Անի / Լանջիկ,գ. Լանջիկի մ/դ,38
Սյունիք,Մեղրի / Լեհվազ,գ. Լեհվազի մ/դ,35
Արմավիր,Արմավիր / Լենուղի,գ. Լենուղու Ջիվանու անվ. մ/դ,108
Լոռի,Ստեփանավան / Լեջան,գ. Լեջանի մ/դ,34
Արմավիր,Բաղրամյան / Լեռնագոգ,գ. Լեռնագոգի Օնիկ Փակումեանի մ/դ,176
Գեղարքունիք,Մարտունի / Լեռնակերտ,գ. Լեռնակերտի հմ/դ,16
Շիրակ,Արթիկ / Լեռնակերտ,գ. Լեռնակերտի մ/դ,69
Լոռի,Տաշիր / Լեռնահովիտ,գ. Լեռնահովիտի մ/դ,92
Սյունիք,Կապան / Լեռնաձոր,գ. Լեռնաձորի հմ/դ,32
Արմավիր,Վաղարշապատ / Լեռնամերձ,գ. Լեռնամերձի հմ/դ,10
Կոտայք,Հրազդան / Լեռնանիստ,գ. Լեռնանիստի Ս.Նազարյանի անվ. մ/դ,182
Լոռի,Սպիտակ / Լեռնանցք,գ. Լեռնանցքի մ/դ,85
Լոռի,Գուգարք / Լեռնապատի,գ. Լեռնապատի Ե.Դալլաքյանի անվ. մ/դ,103
Արագածոտն,Արագած / Լեռնապար,գ. Լեռնապարի մ/դ,31
Լոռի,Սպիտակ / Լեռնավան,գ. Լեռնավանի մ/դ,67
Արագածոտն,Աշտարակ / Լեռնարոտ,գ. Լեռնարոտի Գ.Միքայելյանի անվ. մ/դ,24
Շիրակ,Ախուրյան / Լեռնուտ,գ. Լեռնուտի մ/դ,6
Լոռի,Գուգարք / Լերմոնտովո,գ. Լերմոնտովոյի մ/դ,76
Գեղարքունիք,Մարտունի / Լիճք,գ. Լիճքի Հ. Թումանյանի անվ. մ/դ,338
Գեղարքունիք,Մարտունի / Լիճք,գ. Լիճքի հմ/դ,24
Սյունիք,Սիսիան / Լծեն,գ. Լծենի հմ/դ,2
Գեղարքունիք,Սևան / Լճաշեն,գ. Լճաշենի մ/դ,221
Գեղարքունիք,Վարդենիս / Լճավան,գ. Լճավանի Ա․Խաչատրյանի անվ․ մ/դ,25
Գեղարքունիք,Գավառ / Լճափ,գ. Լճափի մ/դ,61
Տավուշ,Նոյեմբերյան / Լճկաձոր,գ. Լճկաձորի հմ/դ,48
Լոռի,Ստեփանավան / Լոռի Բերդ,գ. Լոռի Բերդի հմ/դ,16
Սյունիք,Սիսիան / Լոր,գ. Լորի մ/դ,9
Լոռի,Ալավերդի / Լորուտ,գ. Լորուտի մ/դ,40
Արմավիր,Արմավիր / Լուկաշեն,գ. Լուկաշինի Հ. Ավետիսյանի անվ. մ/դ,141
Արմավիր,Վաղարշապատ / Լուսագյուղ,գ. Լուսագյուղի մ/դ,59
Արագածոտն,Ապարան / Լուսագյուղ,գ. Լուսագյուղի մ/դ,48
Շիրակ,Արթիկ / Լուսակերտ,գ. Լուսակերտի մ/դ,25
Արագածոտն,Թալին / Լուսակն,գ. Լուսակնի միջնակարգ դպրոց,17
Գեղարքունիք,Վարդենիս / Լուսակունք,գ. Լուսակունքի մ/դ,94
Տավուշ,Իջևան / Լուսահովիտ,գ. Լուսահովիտի հմ/դ,13
Տավուշ,Իջևան / Լուսաձոր,գ. Լուսաձորի հմ/դ,20
Շիրակ,Անի / Լուսաղբյուր,գ. Լուսաղբյուրի մ/դ,40
Լոռի,Սպիտակ / Լուսաղբյուր,գ. Լուսաղբյուրի մ/դ,66
Արարատ,Արարատ / Լուսաշողի,գ. Լուսաշողի մ/դ,32
Արարատ,Արարատ / Լուսառատ,գ. Լուսառատի մ/դ,163
Արմավիր,Արմավիր / Խանջյան,գ. Խանջյանի Ա. Հակոբյանի անվ. մ/դ,101
Գեղարքունիք,Վարդենիս / Խաչաղբյուր,գ. Խաչաղբյուրի մ/դ,58
Տավուշ,Դիլիջան / Խաչարձան,գ. Խաչարձանի մ/դ,21
Վայոց Ձոր,Եղեգնաձոր / Խաչիկ,գ. Խաչիկի մ/դ,33
Արարատ,Մասիս / Խաչփառ,գ. Խաչփարի մ/դ,147
Սյունիք,Գորիս / Խնածախ,Գ. Խնածախի մ/դ,21
Լոռի,Սպիտակ / Խնկոյան,գ. Խնկոյանի hմ/դ,6
Սյունիք,Գորիս / Խնձորեսկ,գ. Խնձորեսկի մ/դ,109
Վայոց Ձոր,Վայք / Խնձորուտ,գ. Խնձորուտի մ/դ,42
Սյունիք,Գորիս / Խոզնավարի,գ. Խոզնավարի մ/դ,16
Սյունիք,Գորիս / Խոտ,գ. Խոտի մ/դ,89
Արմավիր,Վաղարշապատ / Խորոնք,գ. Խորոնքի մ/դ,161
Լոռի,Ալավերդի / Ծաթեր,գ. Ծաթերի հմ/դ,12
Գեղարքունիք,Մարտունի / Ծակքար,գ. Ծակքարի մ/դ,168
Լոռի,Սպիտակ / Ծաղկաբեր,գ. Ծաղկաբերի Դ.Մարտիրոսյանի անվ. մ/դ,54
Արմավիր,Վաղարշապատ / Ծաղկալանջ,գ. Ծաղկալանջի մ/դ,96
Արագածոտն,Ծաղկահովիտ / Ծաղկահովիտ,գ. Ծաղկահովիտի մ/դ,97
Լոռի,Ալավերդի / Ծաղկաշատ,գ. Ծաղկաշատի հմ/դ,5
Արագածոտն,Ապարան / Ծաղկաշեն,գ. Ծաղկաշենի Կ.Համբարձումյանի անվ. մ/դ,33
Գեղարքունիք,Գավառ / Ծաղկաշեն,գ. Ծաղկաշենի մ/դ,28
Շիրակ,Ամասիա / Ծաղկուտ,գ. Ծաղկուտի մ/դ,9
Սյունիք,Կապան / Ծավ,գ. Ծավի մ/դ,10
Գեղարքունիք,Վարդենիս / Ծափաթաղ,գ. Ծափաթաղի Հ. Աբրահամյանի անվ. մ/դ,11
Արմավիր,Վաղարշապատ / Ծիածան,գ. Ծիածանի մ/դ,131
Արագածոտն,Արագած / Ծիլքար,գ. Ծիլքարի մ/դ,32
Սյունիք,Սիսիան / Ծղուկ,գ. Ծղուկի մ/դ,11
Գեղարքունիք,Սևան / Ծովագյուղ,գ. Ծովագյուղի մ/դ,261
Գեղարքունիք,Գավառ / Ծովազարդ,գ. Ծովազարդի մ/դ,126
Գեղարքունիք,Վարդենիս / Ծովակ,գ. Ծովակի մ/դ,125
Գեղարքունիք,Մարտունի / Ծովասար,գ. Ծովասարի Բ. Մուրադյանի անվ. մ/դ,175
Գեղարքունիք,Մարտունի / Ծովինար,գ. Ծովինարի Արծրուն Խաչատրյանի անվ. մ/դ,169
Գեղարքունիք,Մարտունի / Ծովինար,գ. Ծովինարի տ/դ,18
Կոտայք,Աբովյան / Կաթնաղբյուր,գ. Կաթնաղբյուրի հմ/դ,42
Արագածոտն,Թալին / Կաթնաղբյուր,գ. Կաթնաղբյուրի Մ.Գալշոյանի անվ. մ/դ,57
Լոռի,Ստեփանավան / Կաթնաղբյուր,գ. Կաթնաղբյուրի մ/դ,46
Լոռի,Սպիտակ / Կաթնաջուր,գ. Կաթնաջրի Ս. Սեյրանյանի անվ. մ/դ,84
Լոռի,Տաշիր / Կաթնառատ,գ. Կաթնառատի մ/դ,61
Գեղարքունիք,Ճամբարակ / Կալավան,գ. Կալավանի մ/դ,12
Գեղարքունիք,Վարդենիս / Կախակն,գ. Կախակնի մ/դ,8
Լոռի,Ալավերդի / Կաճաճկուտ,գ. Կաճաճկուտի հմ/դ,13
Կոտայք,Աբովյան / Կամարիս,գ. Կամարիսի մ/դ,136
Շիրակ,Ախուրյան / Կամո,գ. Կամոյի մ/դ,85
Արագածոտն,Ապարան / Կայքի,գ. Կայքի մ/դ,22
Արարատ,Արտաշատ / Կանաչուտ,գ. Կանաչուտի Գ.Եփրեմյանի անվ. մ/դ,66
Արագածոտն,Թալին / Կանչ,գ. Կանչի հմ/դ,4
Կոտայք,Աբովյան / Կապուտան,գ. Կապուտանի մ/դ,89
Շիրակ,Ախուրյան / Կապս,գ. Կապսի մ/դ,35
Շիրակ,Ախուրյան / Կառնուտ,գ. Կառնուտի մ/դ,53
Արագածոտն,Աշտարակ / Կարբի,գ. Կարբիի մ/դ,347
Կոտայք,Հրազդան / Կարենիս,գ. Կարենիսի մ/դ,37
Արագածոտն,Աշտարակ / Կարին,գ. Կարինի մ/դ,72
Գեղարքունիք,Վարդենիս / Կարճաղբյուր,գ. Կարճաղբյուրի Ա. Գրիգորյանի անվ. մ/դ,101
Սյունիք,Մեղրի / Կարճևան,գ. Կարճևանի հմ/դ,7
Լոռի,Ալավերդի / Կարմիր Աղեգի,գ. Կարմիր Աղեգու հմ/դ,7
Գեղարքունիք,Գավառ / Կարմիրգյուղ,գ. Կարմիրգյուղի թիվ 2 մ/դ,163
Գեղարքունիք,Գավառ / Կարմիրգյուղ,գ. Կարմիրգյուղի հ․ 1 մ/դ,182
Արագածոտն,Թալին / Կարմրաշեն,գ. Կարմրաշենի Ա. Ասլանյանի անվան մ/դ,20
Վայոց Ձոր,Վայք / Կարմրաշեն,գ. Կարմրաշենի մ/դ,1
Շիրակ,Աշոցք / Կարմրավան,գ. Կարմրավանի հմ/դ,9
Արագածոտն,Թալին / Կաքավաձոր,գ. Կաքավաձորի մ/դ,57
Շիրակ,Աշոցք / Կաքավասար,գ. Կաքավասարի տ/դ,1
Տավուշ,Իջևան / Կիրանց,գ. Կիրանցի հմ/դ,22
Տավուշ,Նոյեմբերյան / Կոթի,գ. Կոթիի մ/դ,92
Տավուշ,Նոյեմբերյան / Կողբ,գ. Կողբի Ջ.Կարախանյանի անվ. թիվ 1 մ/դ,136
Լոռի,Ստեփանավան / Կողես,գ. Կողեսի հմ/դ,15
Արագածոտն,Աշտարակ / Կոշ,գ. Կոշի մ/դ,182
Սյունիք,Գորիս / Կոռնիձոր,գ. Կոռնիձորի մ/դ,50
Կոտայք,Աբովյան / Կոտայք,գ. Կոտայքի Ս.Վարդանյանի անվ. մ/դ,108
Գեղարքունիք,Վարդենիս / Կութ,գ. Կութի մ/դ,5
Գեղարքունիք,Վարդենիս / Կուտականի,գ. Կուտականի մ/դ,9
Լոռի,Ստեփանավան / Կուրթան,գ. Կուրթանի մ/դ,102
Շիրակ,Ախուրյան / Կրաշեն,գ. Կրաշենի հմ/դ,14
Շիրակ,Աշոցք / Կրասար,գ. Կրասարի մ/դ,27
Լոռի,Ալավերդի / Հագվի,գ. Հագվու հմ/դ,19
Սյունիք,Գորիս / Հալիձոր,գ. Հալիձորի մ/դ,28
Արագածոտն,Թալին / Հակկո,գ. Հակոյի հմ/դ,10
Տավուշ,Դիլիջան / Հաղարծին,գ. Հաղարծինի մ/դ,205
Տավուշ,Նոյեմբերյան / Հաղթանակ,գ. Հաղթանակի մ/դ,94
Լոռի,Ալավերդի / Հաղպատ,գ. Հաղպատի մ/դ,47
Արարատ,Մասիս / Հայանիստ,գ. Հայանիստի մ/դ,180
Արմավիր,Վաղարշապատ / Հայթաղ,գ. Հայթաղի Հ.Կարապետյանի անվ. մ/դ,185
Շիրակ,Անի / Հայկաձոր,գ. Հայկաձորի մ/դ,25
Արմավիր,Վաղարշապատ / Հայկաշեն,գ. Հայկաշենի Գ.Կիրակոսյանի անվ. մ/դ,43
Շիրակ,Արթիկ / Հայկասար,գ. Հայկասարի հմ/դ,10
Արմավիր,Արմավիր / Հայկավան,գ. Հայկավանի մ/դ,81
Շիրակ,Ախուրյան / Հայկավան,գ. Հայկավանի մ/դ,64
Գեղարքունիք,Գավառ / Հայրավանք,գ. Հայրավանքի մ/դ,57
Շիրակ,Արթիկ / Հայրենյաց,գ. Հայրենյացի մ/դ,53
Շիրակ,Արթիկ / Հառիճ,գ. Հառիճի մ/դ,71
Կոտայք,Աբովյան / Հատիս,գ. Հատիսի Վ.Վարդանյանի անվ. մ/դ,22
Լոռի,Սպիտակ / Հարթագյուղ,գ. Հարթագյուղի մ/դ,67
Շիրակ,Աշոցք / Հարթաշեն,գ. Հարթաշենի հմ/դ,4
Սյունիք,Գորիս / Հարթաշեն,գ. Հարթաշենի մ/դ,42
Արագածոտն,Ապարան / Հարթավան,գ. Հարթավանի մ/դ,59
Սյունիք,Գորիս / Հարժիս,գ. Հարժիսի մ/դ,36
Արագածոտն,Թալին / Հացաշեն,գ. Հացաշենի հմ/դ,17
Կոտայք,Աբովյան / Հացավան,գ. Հացավանի Հ.Մանուկյանի անվ. մ/դ,34
Սյունիք,Սիսիան / Հացավան,գ. Հացավանի մ/դ,14
Արմավիր,Արմավիր / Հացիկ,գ. Հացիկի Ա.Բաղդասրյանի անվ. մ/դ,121
Շիրակ,Ախուրյան / Հացիկ,գ. Հացիկի մ/դ,59
Վայոց Ձոր,Վայք / Հերհեր,գ. Հերհերի մ/դ,25
Վայոց Ձոր,Եղեգնաձոր / Հերմոն,գ. Հերմոնի հմ/դ,6
Արագածոտն,Արագած / Հնաբերդ,գ. Հնաբերդի մ/դ,108
Արարատ,Արտաշատ / Հնաբերդ,գ. Հնաբերդի մ/դ,61
Լոռի,Ստեփանավան / Հոբարձի,գ. Հոբարձու Ա. Ղուկասյանի անվ. մ/դ,22
Շիրակ,Ամասիա / Հողմիկ,գ. Հողմիկի մ/դ,12
Շիրակ,Արթիկ / Հոռոմ,գ. Հոռոմի մ/դ,107
Շիրակ,Ախուրյան / Հովիտ,գ. Հովիտի մ/դ,18
Շիրակ,Ախուրյան / Հովունի,գ. Հովունու մ/դ,26
Արմավիր,Վաղարշապատ / Հովտամեջ,գ. Հովտամեջի մ/դ,80
Արարատ,Մասիս / Հովտաշատ,գ. Հովտաշատի մ/դ,201
Շիրակ,Արթիկ / Հովտաշեն,գ. Հովտաշենի հմ/դ,24
Արարատ,Արտաշատ / Հովտաշեն,գ. Հովտաշենի մ/դ,85
Շիրակ,Ամասիա / Հովտուն,գ. Հովտունի տ/դ,5
Տավուշ,Դիլիջան / Հովք,գ. Հովքի մ/դ,21
Վայոց Ձոր,Եղեգնաձոր / Հորբատեղ,գ. Հորբատեղի հմ/դ,5
Վայոց Ձոր,Եղեգնաձոր / Հորս,գ. Հորսի հմ/դ,1
Արմավիր,Բաղրամյան / Հուշակերտ,գ. Հուշակերտի մ/դ,33
Շիրակ,Անի / Ձիթիանքով,գ. Ձիթհանքովի մ/դ,64
Լոռի,Տաշիր / Ձյունաշող,գ. Ձյունաշողի մ/դ,6
Լոռի,Գուգարք / Ձորագետ,գ. Ձորագետի հմ/դ,5
Գեղարքունիք,Մարտունի / Ձորագյուղ,գ. Ձորագյուղի ա/դ,49
Գեղարքունիք,Մարտունի / Ձորագյուղ,գ. Ձորագյուղի Հ. Ղազարյանի անվ. հմ/դ,190
Լոռի,Գուգարք / Ձորագյուղ,գ. Ձորագյուղի հմ/դ,10
Շիրակ,Անի / Ձորակապ,գ. Ձորակապի մ/դ,117
Կոտայք,Աբովյան / Ձորաղբյուր,գ. Ձորաղբյուրի Վահունի Կարապետյանի անվան մ/դ,127
Լոռի,Տաշիր / Ձորամուտ,գ. Ձորամուտի մ/դ,19
Շիրակ,Աշոցք / Ձորաշեն,գ. Ձորաշենի մ/դ,5
Շիրակ,Աշոցք / Ղազանչի,գ. Ղազանչիի մ/դ,38
Արագածոտն,Աշտարակ / Ղազարավան,գ. Ղազարավանի մ/դ,24
Շիրակ,Ախուրյան / Ղարիբջանյան,գ. Ղարիբջանյանի մ/դ,47
Արարատ,Մասիս / Ղուկասավան,գ. Ղուկասավանի մ/դ,122
Սյունիք,Կապան / Ճակատեն,գ. Ճակատենի հմ/դ,6
Արագածոտն,Արագած / Ճարճարկիս,գ. Ճարճակիսի մ/դ,31
Լոռի,Ալավերդի / Ճոճկան,գ. Ճոճկանի մ/դ,110
Գեղարքունիք,Մարտունի / Մադինա,գ. Մադինայի մ/դ,67
Վայոց Ձոր,Եղեգնաձոր / Մալիշկա,գ. Մալիշկայի թիվ 1 մ/դ,109
Վայոց Ձոր,Եղեգնաձոր / Մալիշկա,գ. Մալիշկայի Մ. Լոմոնոսովի անվան մ/դ,96
Կոտայք,Աբովյան / Մայակովսկի,գ. Մայակովսկու Հ.Հովհաննիսյանի անվ. մ/դ,126
Արմավիր,Արմավիր / Մայիսյան,գ. Մայիսյանի մ/դ,99
Շիրակ,Ախուրյան / Մայիսյան,գ. Մայիսյանի մ/դ,58
Արարատ,Արտաշատ / Մասիս,գ. Մասիսի մ/դ,253
Արագածոտն,Թալին / Մաստարա,գ. Մաստարայի մ/դ,172
Լոռի,Գուգարք / Մարգահովիտ,գ. Մարգահովտի Հ.Թումանյանի անվ. մ/դ,152
Արմավիր,Արմավիր / Մարգարա,գ. Մարգարայի մ/դ,59
Շիրակ,Ախուրյան / Մարմաշեն,գ. Մարմաշենի մ/դ,90
Արարատ,Մասիս / Մարմարաշեն,գ. Մարմարաշենի մ/դ,274
Կոտայք,Հրազդան / Մարմարիկ,գ. Մարմարիկի մ/դ,34
Վայոց Ձոր,Վայք / Մարտիրոս,գ. Մարտիրոսի մ/դ,28
Գեղարքունիք,Ճամբարակ / Մարտունի,գ. Մարտունու մ/դ,30
Լոռի,Ալավերդի / Մարցի,գ. Մարցի մ/դ,31
Գեղարքունիք,Վարդենիս / Մաքենիսի,գ. Մաքենիսի մ/դ,25
Լոռի,Տաշիր / Մեդովկա,գ. Մեդովկայի մ/դ,20
Արագածոտն,Արագած / Մելիքգյուզ,գ. Մելիքգյուղի մ/դ,56
Գեղարքունիք,Վարդենիս / Մեծ Մասրիկի,գ. Մեծ Մասրիկի մ/դ,167
Լոռի,Սպիտակ / Մեծ Պարնի,գ. Մեծ Պարնիի Մ.Մելքոնյանի անվ. մ/դ,83
Շիրակ,Ախուրյան / Մեծ Սարիար,գ. Մեծ Սարիարի մ/դ,24
Շիրակ,Աշոցք / Մեծ Սեպասար,գ. Մեծ Սեպասարի մ/դ,68
Արմավիր,Վաղարշապատ / Մեծամոր,գ. Մեծամորի մ/դ,73
Լոռի,Տաշիր / Մեծավան,գ. Մեծավանի թիվ 1 մ/դ,124
Լոռի,Տաշիր / Մեծավան,գ. Մեծավանի թիվ 2 մ/դ,115
Կոտայք,Հրազդան / Մեղրաձոր,գ. Մեղրաձորի Հ.Հակոբյանի անվ. մ/դ,142
Շիրակ,Ամասիա / Մեղրաշատ,գ. Մեղրաշատի մ/դ,29
Շիրակ,Արթիկ / Մեղրաշեն,գ. Մեղրաշենի մ/դ,66
Արմավիր,Վաղարշապատ / Մերձավան,գ. Մերձավանի մ/դ,271
Լոռի,Տաշիր / Միխայլովկա,գ. Միխայլովկայի մ/դ,43
Արագածոտն,Արագած / Միջնատուն,գ. Միջնատունի հմ/դ,1
Արագածոտն,Արագած / Միրաք,գ. Միրաքի հմ/դ,4
Արարատ,Արտաշատ / Մխչյան,գ. Մխչյանի մ/դ,319
Լոռի,Ալավերդի / Մղարթ,գ. Մղարթի հմ/դ,14
Արմավիր,Բաղրամյան / Մյասնիկյան,գ. Մյասնիկյանի Արայի անվ. մ/դ,283
Տավուշ,Տավուշ / Մոսեսգեղ,գ. Մոսեսգեղի Պ. Ավալյանի անվան մ/դ,68
Արմավիր,Վաղարշապատ / Մուսալեռ,գ. Մուսալեռի Ֆ.Վերֆելի անվ. մ/դ,168
Շիրակ,Աշոցք / Մուսայելյան,գ. Մուսայելյանի մ/դ,31
Շիրակ,Ախուրյան / Բասեն,գ. Մուսայելյանի մ/դ,120
Սյունիք,Սիսիան / Մուցք,գ. Մուցքի հմ/դ,2
Արմավիր,Մեծամոր / Մրգաշատ,գ. Մրգաշատի Մ.Մաղաքյանի անվ. թիվ 2 մ/դ,186
Արմավիր,Մեծամոր / Մրգաշատ,գ. Մրգաշատի Վ.Ափոյանի անվ. թիվ 1 մ/դ,169
Կոտայք,Նաիրի / Մրգաշեն,գ. Մրգաշենի մ/դ,123
Արմավիր,Վաղարշապատ / Մրգաստան,գ. Մրգաստանի Կ.Հարությունյանի անվ. մ/դ,66
Արարատ,Արտաշատ / Մրգավան,գ. Մրգավանի մ/դ,132
Արարատ,Արտաշատ / Մրգավետ,գ. Մրգավետի մ/դ,167
Լոռի,Ստեփանավան / Յաղդան,գ. Յաղդանի հմ/դ,28
Գեղարքունիք,Մարտունի / Ներքին Գետաշեն,գ. Ն. Գետաշենի հ․ 1 մ/դ,366
Գեղարքունիք,Մարտունի / Ներքին Գետաշեն,գ. Ն.Գետաշենի Ա.Եղիազարյանի անվ. հ․ 2 մ/դ,223
Արարատ,Արտաշատ / Ն. Դվին,գ. Ն.Դվինի Լ.Ազգալդյանի անվ. մ/դ,219
Տավուշ,Տավուշ / Ն. Կ. Աղբյուր,գ. Ն.Կ.Աղբյուրի մ/դ,48
Արմավիր,Արմավիր / Նալբանդյան,գ. Նալբանդյանի Պերճուհի և Արմէն Նալպանտեանների անվ. մ/դ,247
Շիրակ,Արթիկ / Նահապետավան,գ. Նահապետավանի մ/դ,50
Տավուշ,Տավուշ / Նավուր,գ. Նավուրի մ/դ,54
Արարատ,Արտաշատ / Նարեկ,գ. Նարեկի մ/դ,103
Լոռի,Ալավերդի / Նեղոց,գ. Նեղոցի հմ/դ,22
Սյունիք,Գորիս / Ներքին Խնձորեսկ,գ. Ներքին Խնձորեսկի մ/դ,11
Արագածոտն,Թալին / Ներքին Սասնաշեն,գ. Ներքին Սասնաշենի մ/դ,69
Սյունիք,Սիսիան / Սոֆլու,գ. Նժդեհ (Սոֆլուի) հմ/դ,4
Արագածոտն,Ապարան / Նիգավան,գ. Նիգավանի մ/դ,31
Արարատ,Մասիս / Նիզամի,գ. Նիզամիի մ/դ,93
Արարատ,Արտաշատ / Նշավան,գ. Նշավանի մ/դ,161
Արարատ,Արարատ / Նոյակերտ,գ. Նոյակերտի մ/դ,124
Շիրակ,Ախուրյան / Նոր Ախուրյան,գ. Նոր Ախուրյանի հմ/դ,6
Արմավիր,Արմավիր / Նոր Ամասիա,գ. Նոր Ամասիայի մ/դ,81
Արմավիր,Արմավիր / Նոր Արմավիր,գ. Նոր Արմավիրի մ/դ,111
Արմավիր,Արմավիր / Նոր Արտագերս,գ. Նոր Արտագերսի մ/դ,75
Կոտայք,Նաիրի / Նոր-Արտամեդ,գ. Նոր Արտամեդի մ/դ,69
Կոտայք,Նաիրի / Նոր-Գեղի,գ. Նոր Գեղիի N 1 մ/դ,305
Կոտայք,Նաիրի / Նոր-Գեղի,գ. Նոր Գեղիի Յու.Երիցյանի անվ. թիվ 2 մ/դ,127
Արագածոտն,Աշտարակ / Նոր Եդեսիա,գ. Նոր Եդեսիայի Ն. Շնորհալու անվ. մ/դ,128
Արագածոտն,Աշտարակ / Նոր-Երզնկա,գ. Նոր Երզնկայի մ/դ,109
Լոռի,Սպիտակ / Նոր Խաչակապ,գ. Նոր Խաչակապի մ/դ,29
Արարատ,Մասիս / Նոր Խարբերդ,գ. Նոր Խարբերդի թիվ 1 մ/դ,362
Արարատ,Մասիս / Նոր Խարբերդ,գ. Նոր Խարբերդի թիվ 2 մ/դ,382
Արմավիր,Արմավիր / Նոր Կեսարիա,գ. Նոր Կեսարիայի մ/դ,100
Արարատ,Արարատ / Նոր կյանք,գ. Նոր Կյանքի մ/դ,136
Շիրակ,Արթիկ / Նոր Կյանք,գ. Նոր Կյանքի մ/դ,100
Արարատ,Մասիս / Նոր Կյուրին,գ. Նոր Կյուրինի մ/դ,98
Արարատ,Արարատ / Նոր ուղի,գ. Նոր ուղու մ/դ,69
Արագածոտն,Աշտարակ / Նոր Ամանոս,գ. Նոր-Ամանոսի մ/դ,57
Գեղարքունիք,Վարդենիս / Նորաբակ,գ. Նորաբակի մ/դ,10
Արարատ,Մասիս / Նորաբաց,գ. Նորաբացի Մ.Ապելյանի անվ. մ/դ,166
Գեղարքունիք,Վարդենիս / Նորակերտ,գ. Նորակերտի մ/դ,34
Արմավիր,Վաղարշապատ / Նորակերտ,գ. Նորակերտի մ/դ,197
Արարատ,Մասիս / Նորամարգ,գ. Նորամարգի մ/դ,205
Գեղարքունիք,Սևան / Նորաշեն,գ. Նորաշենի հմ/դ,17
Արարատ,Արտաշատ / Նորաշեն,գ. Նորաշենի մ/դ,240
Արագածոտն,Արագած / Նորաշեն,գ. Նորաշենի մ/դ,75
Լոռի,Տաշիր / Նորաշեն,գ. Նորաշենի մ/դ,54
Տավուշ,Տավուշ / Նորաշեն,գ. Նորաշենի մ/դ,70
Սյունիք,Կապան / Նորաշենիկ,գ. Նորաշենիկի մ/դ,4
Արմավիր,Արմավիր / Նորապատ,գ. Նորապատի մ/դ,149
Արմավիր,Արմավիր / Նորավան,գ. Նորավանի մ/դ,106
Սյունիք,Սիսիան / Նորավան,գ. Նորավանի մ/դ,35
Գեղարքունիք,Գավառ / Նորատուս,գ. Նորատուսի Ա. Սողոմոնյանի անվ. թիվ 2 մ/դ,77
Գեղարքունիք,Գավառ / Նորատուս,գ. Նորատուսի թիվ 1 մ/դ,157
Գեղարքունիք,Գավառ / Նորատուս,գ. Նորատուսի թիվ 3 մ/դ,81
Կոտայք,Աբովյան / Նոր Գյուղ,գ. Նորգյուղի մ/դ,126
Կոտայք,Աբովյան / Նուռնուս,գ. Նուռնուսի մ/դ,23
Սյունիք,Մեղրի / Նռնաձոր,գ. Նռնաձորի մ/դ,5
Տավուշ,Իջևան / Ն. Ծաղկավան,գ. Ն․ Ծաղկավանի մ/դ,30
Լոռի,Գուգարք / Շահումյան,գ. Շահումյանի մ/դ,107
Արմավիր,Վաղարշապատ / Շահումյան,գ. Շահումյանի մ/դ,94
Արարատ,Արտաշատ / Շահումյան,գ. Շահումյանի մ/դ,317
Սյունիք,Սիսիան / Շաղատ,գ. Շաղաթի մ/դ,60
Արարատ,Արարատ / Շաղափ,գ. Շաղափի Լ.Ղազարյանի անվ. մ/դ,58
Շիրակ,Ամասիա / Շաղիկ,գ. Շաղիկի հմ/դ,1
Սյունիք,Սիսիան / Շամբ,գ. Շամբի մ/դ,21
Արագածոտն,Աշտարակ / Շամիրամ,գ. Շամիրամի Ուսուբ-բեկի անվ. հմ/դ,18
Լոռի,Ալավերդի / Շամուտ,գ. Շամուտի հմ/դ,9
Վայոց Ձոր,Եղեգիս / Շատին,գ. Շատինի մ/դ,76
Գեղարքունիք,Վարդենիս / Շատջրեք,գ. Շատջրեքի մ/դ,26
Գեղարքունիք,Վարդենիս / Շատվան,գ. Շատվանի մ/դ,17
Սյունիք,Սիսիան / Շաքի,գ. Շաքիի մ/դ,55
Սյունիք,Սիսիան / Շենաթաղ,գ. Շենաթաղի հմ/դ,15
Լոռի,Սպիտակ / Շենավան,գ. Շենավանի հմ/դ,20
Արագածոտն,Ապարան / Շենավան,գ. Շենավանի մ/դ,87
Արմավիր,Մեծամոր / Շենավան,գ. Շենավանի մ/դ,80
Արմավիր,Բաղրամյան / Շենիկ,գ. Շենիկի մ/դ,72
Արագածոտն,Արագած / Շենկանի,գ. Շենկանիի հմ/դ,5
Սյունիք,Կապան / Շիկահող,գ. Շիկահողի մ/դ,1
Սյունիք,Գորիս / Շինուհայր,գ. Շինուհայրի մ/դ,165
Լոռի,Սպիտակ / Շիրակամուտ,գ. Շիրակամուտի թիվ 1 մ/դ,75
Լոռի,Սպիտակ / Շիրակամուտ,գ. Շիրակամուտի հմ/դ,12
Շիրակ,Անի / Շիրակավան,գ. Շիրակավանի մ/դ,45
Շիրակ,Ախուրյան / Շիրակ,գ. Շիրակի մ/դ,54
Լոռի,Ալավերդի / Շնող,գ. Շնողի մ/դ,154
Գեղարքունիք,Ճամբարակ / Շորժա,գ. Շողակաթ մ/դ,39
Սյունիք,Գորիս / Շուռնուխ,գ. Շուռնուխի մ/դ,5
Սյունիք,Մեղրի / Շվանիձոր,գ. Շվանիձորի մ/դ,19
Կոտայք,Աբովյան / Ողջաբերդ,գ. Ողջաբերդի մ/դ,45
Շիրակ,Ամասիա / Ողջի,գ. Ողջիի Առուստամյանի անվ. մ/դ,6
Արագածոտն,Թալին / Ոսկեթաս,գ. Ոսկեթասի մ/դ,22
Շիրակ,Ախուրյան / Ոսկեհասկ,գ. Ոսկեհասկի մ/դ,73
Արմավիր,Վաղարշապատ / Ոսկեհատ,գ. Ոսկեհատի մ/դ,136
Արագածոտն,Աշտարակ / Ոսկեհատ,գ. Ոսկեհատի մ/դ,85
Արագածոտն,Աշտարակ / Ոսկևազ,գ. Ոսկեվազի մ/դ,240
Արարատ,Արարատ / Ոսկետափ,գ. Ոսկետափի մ/դ,221
Տավուշ,Նոյեմբերյան / Ոսկևան,գ. Ոսկևանի մ/դ,64
Արարատ,Արտաշատ / Ոստան,գ. Ոստանի մ/դ,189
Սյունիք,Սիսիան / Որոտան,գ. Որոտանի հմ/դ,11
Սյունիք,Գորիս / Որոտան,գ. Որոտանի մ/դ,22
Սյունիք,Սիսիան / Ույծ,գ. Ույծի մ/դ,33
Արագածոտն,Աշտարակ / Ուշի,գ. Ուշիի մ/դ,90
Արագածոտն,Աշտարակ / Ուջան,գ. Ուջանի Զ.Անդրանիկի անվ. մ/դ,138
Լոռի,Ստեփանավան / Ուռուտ,գ. Ուռուտի մ/դ,69
Լոռի,Ստեփանավան / Ուրասար,գ. Ուրասարի հմ/դ,20
Արարատ,Արարատ / Ուրցաձոր,գ. Ուրծաձորի մ/դ,162
Տավուշ,Տավուշ / Չինարի,գ. Չինարիի մ/դ,42
Տավուշ,Տավուշ / Չինչին,գ. Չինչինի մ/դ,23
Վայոց Ձոր,Արենի / Չիվա,գ. Չիվայի մ/դ,33
Լոռի,Ալավերդի / Չկալով,գ. Չկալովի հմ/դ,5
Գեղարքունիք,Սևան / Չկալովկա,գ. Չկալովկաի մ/դ,29
Տավուշ,Տավուշ / Չորաթան,գ. Չորաթանի մ/դ,38
Արագածոտն,Ապարան / Չքնաղ,գ. Չքնաղի հմ/դ,9
Արարատ,Արարատ / Պ. Սևակ,գ. Պ.Սևակի մ/դ,41
Տավուշ,Տավուշ / Պառավաքար,գ. Պառավաքարի մ/դ,82
Արագածոտն,Թալին / Պարտիզակ,գ. Պարտիզակի մ/դ,23
Շիրակ,Արթիկ / Պեմզաշեն,գ. Պեմզաշենի մ/դ,190
Լոռի,Ստեփանավան / Պուշկինո,գ. Պուշկինոյի հմ/դ,22
Կոտայք,Նաիրի / Պռոշյան,գ. Պռոշյանի Պ.Ղևոնդյանի անվ. մ/դ,322
Կոտայք,Աբովյան / Պտղնի,գ. Պտղնիի մ/դ,99
Արմավիր,Վաղարշապատ / Պտղունք,գ. Պտղունքի Տիգրան Մեծի անվ. մ/դ,109
Լոռի,Տաշիր / Պրիվոլնոյե,գ. Պրիվոլնոյեյի մ/դ,60
Գեղարքունիք,Վարդենիս / Ջաղացաձոր,գ. Ջաղացաձորի մ/դ,7
Արագածոտն,Արագած / Ջամշլու,գ. Ջամշլուի հմ/դ,13
Արմավիր,Արմավիր / Ջանֆիդա,գ. Ջանֆիդայի Էդ.Դաշտոյանի անվ. մ/դ,156
Շիրակ,Ախուրյան / Ջաջուռ կայարան,գ. Ջաջուռ կայարանի տ/դ,1
Շիրակ,Ախուրյան / Ջաջուռ,գ. Ջաջուռի մ/դ,44
Լոռի,Ալավերդի / Ջիլիզայի,գ. Ջիլիզայի մ/դ,8
Տավուշ,Նոյեմբերյան / Ջուջևան,գ. Ջուջևանի մ/դ,17
Կոտայք,Աբովյան / Ջրաբեր,գ. Ջրաբերի մ/դ,23
Արարատ,Մասիս / Ջրահովիտ,գ. Ջրահովտի մ/դ,82
Շիրակ,Ամասիա / Ջրաձոր,գ. Ջրաձորի մ/դ,6
Արարատ,Արտաշատ / Ջրաշեն,գ. Ջրաշենի մ/դ,108
Արմավիր,Արմավիր / Ջրաշեն,գ. Ջրաշենի մ/դ,44
Լոռի,Սպիտակ / Ջրաշեն,գ. Ջրաշենի մ/դ,242
Արմավիր,Արաքս / Ջրառատ,գ. Ջրառատի Թ.Խաչատրյանի անվ. մ/դ,194
Կոտայք,Հրազդան / Ջրառատ,գ. Ջրառատի մ/դ,63
Շիրակ,Ախուրյան / Ջրառատ,գ. Ջրառատի մ/դ,57
Արմավիր,Վաղարշապատ / Ջրարբի,գ. Ջրարբիի մ/դ,119
Շիրակ,Անի / Ջրափի,գ. Ջրափիի մ/դ,36
Կոտայք,Աբովյան / Ջրվեժ,գ. Ջրվեժի մ/դ,640
Արարատ,Մասիս / Ռանչպար,գ. Ռանչպարի մ/դ,89
Վայոց Ձոր,Եղեգնաձոր / Ռինդ,գ. Ռինդի մ/դ,80
Արագածոտն,Ալագյազ / Ռյա թազա,գ. Ռյա Թազայի մ/դ,20
Արագածոտն,Արագած / Սադունց,գ. Սադունցի Ս.Մուրադովի անվ. հմ/դ,10
Վայոց Ձոր,Եղեգնաձոր / Սալլի,գ. Սալիի հմ/դ,17
Սյունիք,Սիսիան / Սալվարդ,գ. Սալվարդի հմ/դ,6
Արարատ,Մասիս / Սայաթ-Նովա,գ. Սայաթ-Նովայի մ/դ,220
Սյունիք,Սիսիան / Սառնակունք,գ. Սառնակունքի մ/դ,18
Շիրակ,Անի / Սառնաղբյուր,գ. Սառնաղբյուրի մ/դ,224
Արագածոտն,Աշտարակ / Սասունիկ,գ. Սասունիկի մ/դ,166
Շիրակ,Աշոցք / Սարագյուղ,գ. Սարագյուղի հմ/դ,7
Լոռի,Սպիտակ / Սարալանջ,գ. Սարալանջի hմ/դ,2
Արագածոտն,Ապարան / Սարալանջ,գ. Սարալանջի հմ/դ,3
Կոտայք,Նաիրի / Սարալանջ,գ. Սարալանջի հմ/դ,31
Շիրակ,Արթիկ / Սարալանջ,գ. Սարալանջի մ/դ,59
Շիրակ,Անի / Սարակապ,գ. Սարակապի մ/դ,24
Լոռի,Սպիտակ / Սարահարթ,գ. Սարահարթի մ/դ,62
Լոռի,Սպիտակ / Սարամեջ,գ. Սարամեջի Մ. Ֆարմանյանի մ/դ,74
Վայոց Ձոր,Վայք / Սարավան,գ. Սարավանի հմ/դ,11
Շիրակ,Արթիկ / Սարատակ,գ. Սարատակի մ/դ,72
Լոռի,Տաշիր / Սարատովկա,գ. Սարատովկայի մ/դ,33
Արմավիր,Արմավիր / Սարդարապատ,գ. Սարդարապատի մ/դ,321
Տավուշ,Իջևան / Սարիգյուղ,գ. Սարիգյուղի մ/դ,105
Գեղարքունիք,Գավառ / Սարուխան,գ. Սարուխանի N2 մ/դ,132
Գեղարքունիք,Գավառ / Սարուխան,գ. Սարուխանի Հայկազ Խաչատրյանի անվ. հ․ 3 մ/դ,70
Գեղարքունիք,Գավառ / Սարուխան,գ. Սարուխանի հ․ 1 մ/դ,89
Լոռի,Տաշիր / Սարչապետ,գ. Սարչապետի մ/դ,68
Գեղարքունիք,Սևան / Սեմյոնովկա,գ. Սեմյոնովկայի հմ/դ,6
Վայոց Ձոր,Վայք / Սերս,գ. Սերսի հմ/դ,2
Շիրակ,Աշոցք / Սիզավետ,գ. Սիզավետի մ/դ,10
Արարատ,Արարատ / Սիսավան,գ. Սիսավանի մ/դ,165
Արարատ,Մասիս / Սիս,գ. Սիսի մ/դ,103
Արագածոտն,Արագած / Սիփան,գ. Սիփանի մ/դ,8
Արարատ,Մասիս / Սիփանիկ,գ. Սիփանիկի հմ/դ,48
Սյունիք,Կապան / Սյունիք,գ. Սյունիքի մ/դ,67
Գեղարքունիք,Վարդենիս / Սոթք,գ. Սոթքի մ/դ,54
Կոտայք,Հրազդան / Սոլակ,գ. Սոլակի մ/դ,152
Արագածոտն,Թալին / Սորիկ,գ. Սորիկի հմ/դ,2
Արագածոտն,Թալին / Սուսեր,գ. Սուսերի մ/դ,16
Արարատ,Արարատ / Սուրենավան,գ. Սուրենավանի մ/դ,147
Սյունիք,Սիսիան / Սպանդարյան,գ. Սպանդարյանի մ/դ,15
Շիրակ,Արթիկ / Սպանդարյան,գ. Սպանդարյանի Վիտյա Այվազյանի անվ. մ/դ,89
Սյունիք,Գորիս / Սվարանց,գ. Սվարանցի մ/դ,10
Լոռի,Ստեփանավան / Սվերդլով,գ. Սվերդլովի մ/դ,60
Կոտայք,Աբովյան / Սևաբերդ,գ. Սևաբերդի մ/դ,9
Տավուշ,Իջևան / Սևքար,գ. Սևքարի մ/դ,106
Գեղարքունիք,Մարտունի / Վերին Գետաշեն,գ. Վ. Գետաշենի հ․ 2 մ/դ,133
Գեղարքունիք,Մարտունի / Վերին Գետաշեն,գ. Վ. Գետաշենի հ․1 մ/դ,118
Տավուշ,Տավուշ / Ծաղկավան,գ. Վ. Ծաղկավանի մ/դ,46
Արարատ,Արտաշատ / Վերին Արտաշատ,գ. Վ.Արտաշատի մ/դ,275
Արարատ,Վերին դվին / Վերին Դվին,գ. Վ.Դվինի մ/դ,150
Տավուշ,Տավուշ / Վ. Կ. Աղբյուր,գ. Վ.Կ.Աղբյուրի մ/դ,91
Տավուշ,Իջևան / Վազաշեն,գ. Վազաշենի մ/դ,31
Լոռի,Գուգարք / Վահագնաձոր,գ. Վահագնաձորի հմ/դ,11
Լոռի,Գուգարք / Վահագնի,գ. Վահագնի մ/դ,38
Գեղարքունիք,Ճամբարակ / Վահան,գ. Վահանի մ/դ,54
Գեղարքունիք,Մարտունի / Վաղաշեն,գ. Վաղաշենի մ/դ,187
Սյունիք,Սիսիան / Վաղատին,գ. Վաղատինի մ/դ,27
Սյունիք,Գորիս / Վաղատուր,գ. Վաղատուրի մ/դ,16
Արմավիր,Բաղրամյան / Վանանդ,գ. Վանանդի մ/դ,96
Արարատ,Արարատ / Վանաշեն,գ. Վանաշենի մ/դ,132
Գեղարքունիք,Վարդենիս / Վանևան,գ. Վանևանի մ/դ,61
Տավուշ,Տավուշ / Վարագավան,գ. Վարագավանի մ/դ,20
Արագածոտն,Արագած / Վարդաբլուր,գ. Վարդաբլուրի Խ.Աբովյանի անվ. մ/դ,12
Լոռի,Ստեփանավան / Վարդաբլուր,գ. Վարդաբլուրի մ/դ,72
Վայոց Ձոր,Եղեգնաձոր / Վարդահովիտ,գ. Վարդահովիտի հմ/դ,2
Գեղարքունիք,Մարտունի / Վարդաձոր,գ. Վարդաձորի մ/դ,115
Արմավիր,Արմավիր / Վարդանաշեն,գ. Վարդանաշենի Մ․ Մինասյանի անվ․ մ/դ,77
Սյունիք,Մեղրի / Վարդանիձոր,գ. Վարդանիձորի մ/դ,12
Արարատ,Արտաշատ / Վարդաշեն,գ. Վարդաշենի մ/դ,194
Սյունիք,Կապան / Վարդավանք,գ. Վարդավանքի մ/դ,10
Շիրակ,Արթիկ / Վարդաքար,գ. Վարդաքարի մ/դ,41
Գեղարքունիք,Մարտունի / Վարդենիկ,գ. Վարդենիկի Ռ. Հովհաննիսյանի թիվ 1 հմ./դ,71
Գեղարքունիք,Մարտունի / Վարդենիկ,գ. Վարդենիկի Ա.Օհանյանի անվ. թիվ 2 հմ/դ,125
Գեղարքունիք,Մարտունի / Վարդենիկ,գ. Վարդենիկի կթհ ա/դ,134
Արագածոտն,Ապարան / Վարդենիս,գ. Վարդենիսի մ/դ,52
Արագածոտն,Ապարան / Վարդենուտ,գ. Վարդենուտի մ/դ,44
Գեղարքունիք,Սևան / Վարսեր,գ. Վարսերի Ռ. Պետրոսյանի անվ. մ/դ,79
Արագածոտն,Թալին / Վերին Սասնաշեն,գ. Վերին Սասնաշենի Մ. Մանուկյանի անվ. հմ/դ,3
Արագածոտն,Թալին / Վերին Բազմաբերդ,գ. Վերին Բազմաբերդի հմ/դ,24
Սյունիք,Կապան / Վերին Խոտանան,գ. Վերին Խոտանանի մ/դ,10
Կոտայք,Աբովյան / Վերին Պտղնի,գ. Վերին Պտղնիի մ/դ,78
Սյունիք,Գորիս / Վերիշեն,գ. Վերիշենի մ/դ,127
Վայոց Ձոր,Եղեգնաձոր / Վերնաշեն,գ. Վերնաշենի մ/դ,37
Սյունիք,Գորիս / Տաթև,գ. Տաթևի Սուրեն Առաքելյանի անվ. մ/դ,22
Արմավիր,Բաղրամյան / Տալվորիկ,գ. Տալվորիկի հմ/դ,17
Սյունիք,Կապան / Տանձավեր,գ. Տանձավերի մ/դ,3
Սյունիք,Գորիս / Տանձատափ,գ. Տանձատափի հմ/դ,2
Արմավիր,Արմավիր / Տանձուտ,գ. Տանձուտի մ/դ,98
Տավուշ,Տավուշ / Տավուշ,գ. Տավուշի մ/դ,83
Սյունիք,Կապան / Տավրուս,գ. Տավրուսի մ/դ,3
Արմավիր,Վաղարշապատ / Տարոնիկ,գ. Տարոնիկի Գ. Գառնիկյանի անվ. մ/դ,139
Արարատ,Արարատ / Տափերական,գ. Տափերականի մ/դ,211
Սյունիք,Գորիս / Տեղ,գ. Տեղի թիվ 1 մ/դ,86
Սյունիք,Գորիս / Տեղ,գ. Տեղի թիվ 2 մ/դ,56
Արարատ,Արարատ / Տիգրանաշեն,գ. Տիգրանաշենի Պարույր Սևակի անվան հմ/դ,2
Սյունիք,Սիսիան / Տոլորս,գ. Տոլորսի մ/դ,28
Սյունիք,Սիսիան / Տորունիք,գ. Տորունիքի հմ/դ,5
Շիրակ,Արթիկ / Տուֆաշեն,գ. Տուֆաշենի մ/դ,16
Գեղարքունիք,Վարդենիս / Տրետուք,գ. Տրետուքի մ/դ,12
Արագածոտն,Թալին / Ցամաքասար,գ. Ցամաքասարի հմ/դ,14
Շիրակ,Աշոցք / Ցողամարգ,գ. Ցողամարգի մ/դ,39
Լոռի,Գուգարք / Փամբակ,գ. Փամբակի հմ/դ,6
Գեղարքունիք,Վարդենիս / Փամբակ,գ. Փամբակի մ/դ,26
Շիրակ,Արթիկ / Փանիկ,գ. Փանիկի մ/դ,143
Արմավիր,Վաղարշապատ / Փարաքարի,գ. Փարաքարի մ/դ,339
Արագածոտն,Աշտարակ / Փարպի,գ. Փարպիի Ղ.Փարպեցու անվ. մ/դ,104
Կոտայք,Հրազդան / Փյունիկ,գ. Փյունիկի մ/դ,25
Արմավիր,Արմավիր / Փշատավան,գ. Փշատավանի մ/դ,144
Շիրակ,Արթիկ / Փոքր Մանթաշ,գ. Փոքր Մանթաշի մ/դ,99
Գեղարքունիք,Վարդենիս / Փոքր Մասրիկ,գ. Փոքր Մասրիկի մ/դ,61
Շիրակ,Աշոցք / Փոքր Սարիար,գ. Փոքր Սարիարի մ/դ,10
Արարատ,Վեդի / Փոքր վեդի,գ. Փոքր Վեդու մ/դ,227
Շիրակ,Ախուրյան / Փոքրաշեն,գ. Փոքրաշենի մ/դ,8
Կոտայք,Հրազդան / Քաղսի,գ. Քաղսի մ/դ,198
Արարատ,Արտաշատ / Քաղցրաշեն,գ. Քաղցրաշենի Սամվել Գևորգյանի անվ. մ/դ,192
Կոտայք,Նաիրի / Քանաքեռավան,գ. Քանաքեռավանի մ/դ,242
Կոտայք,Նաիրի / Քասախ,գ. Քասախի N1 մ/դ,364
Կոտայք,Նաիրի / Քասախ,գ. Քասախի Ա.Հովհաննիսյանի անվ. թիվ 2 մ/դ,166
Շիրակ,Անի / Քարաբերդ,գ. Քարաբերդի մ/դ,68
Վայոց Ձոր,Եղեգնաձոր / Քարագլուխ,գ. Քարագլխի մ/դ,38
Արմավիր,Բաղրամյան / Քարակերտ,գ. Քարակերտի թիվ 1 մ/դ,147
Արմավիր,Բաղրամյան / Քարակերտ,գ. Քարակերտի թիվ 2 մ/դ,89
Սյունիք,Գորիս / Քարահունջ,գ. Քարահունջի մ/դ,71
Լոռի,Սպիտակ / Քարաձոր,գ. Քարաձոր հմ/դ,19
Կոտայք,Նաիրի / Քարաշամբ,գ. Քարաշամբի մ/դ,27
Սյունիք,Գորիս / Քարաշեն,գ. Քարաշենի մ/դ,32
Լոռի,Ալավերդի / Քարինջ,գ. Քարինջի մ/դ,25
Շիրակ,Ախուրյան / Քեթի,գ. Քեթիի մ/դ,47
Արագածոտն,Ապարան / Քուչակ,գ. Քուչակի Մ. Նալբանդյանի մ/դ,110
Սյունիք,Կապան / Օխտար,գ. Օխտարի մ/դ,8
Արագածոտն,Աշտարակ / Օհանավան,գ. Օհանավանի Ս.Ավետիսյանի անվ. մ/դ,173
Լոռի,Ալավերդի / Օձուն,գ. Օձունի թիվ 2 մ/դ,135
Լոռի,Ալավերդի / Օձուն,գ. Օձունի Հ. Օձնեցու անվ. թիվ 1 մ/դ,133
Արագածոտն,Աշտարակ / Օշական,գ. Օշականի Մ.Մաշտոցի անվ. մ/դ,283
Արագածոտն,Աշտարակ / Օշական,գ. Օշականի Փ.Բաբկենյանի անվ. հմ/դ,32
Արագածոտն,Աշտարակ / Օրգով,գ. Օրգովի մ/դ,27
Կոտայք,Հրազդան / Ֆանտան,գ. Ֆանտանի մ/դ,57
Լոռի,Գուգարք / Ֆիալետովո,գ. Ֆիոլետովոյի մ/դ,79
Արմավիր,Մեծամոր / Ալաշկերտ,գ.Ալաշկերտի Հ.Քոչարի անվ. մ/դ,117
Շիրակ,Ախուրյան / Ախուրյան,գ․ Ախուրյանի Ն․Աղբալյանի անվ․ ա/դ,99
Տավուշ,Տավուշ / Այգեպար,գ․ Այգեպարի մ/դ,20
Շիրակ,Անի / Անիավան,գ․ Անի կայարանի մ/դ,9
Շիրակ,Արթիկ / Արևշատ,գ․ Արևշատի մ/դ,101
Արագածոտն,Թալին / Արևուտ,գ․ Արևուտի հմ/դ,4
Շիրակ,Ախուրյան / Բայանդուր,գ․ Բայանդուրի մ/դ,57
Գեղարքունիք,Ճամբարակ / Ջիլ,գ․ Ջիլի մ/դ,56
Լոռի,Ալավերդի / Քարկոփ,գ․ Քարկոփի մ/դ,27
Տավուշ,Դիլիջան / Դիլիջան,Դիլիջանի ավագ դպրոց,165
Տավուշ,Դիլիջան / Դիլիջան,Դիլիջանի կենտրոնական դպրոց,82
Երևան,Երևան / Կենտրոն,Էվրիկա դպրոց,166
Տավուշ,Իջևան / Իջևան,Իջևանի վարժարան ՊՈԱԿ,56
Արագածոտն,Արագած / Կանաիաշիր,Կանիաշիրի հմ/դ,11
Տավուշ,Նոյեմբերյան / Կողբ,Կողբի Բ. Սահակյանի անվան թիվ 2 մ/դ,127
Երևան,Երևան / Քանաքեռ - Զեյթուն,Հայ - չինական բարեկամության դպրոց,397
Լոռի,Վանաձոր / Վանաձոր,ՀԱՊՀ Վանաձորի մասնաճյուղի ավագ դպրոց,68
Երևան,Երևան / Մալաթիա,"ՀՀ ԿԳՆ «Երևանի «Մխիթար Սեբաստացի» կրթահամալիր» ՊՈԱԿ, Ավագ դպրոց",158
Երևան,Երևան / Մալաթիա,"ՀՀ ԿԳՆ «Երևանի «Մխիթար Սեբաստացի» կրթահամալիր» ՊՈԱԿ, Արևելյան դպրոց-պարտեզ",257
Երևան,Երևան / Մալաթիա,"ՀՀ ԿԳՆ «Երևանի «Մխիթար Սեբաստացի» կրթահամալիր» ՊՈԱԿ, Արևմտյան դպրոց-պարտեզ",220
Երևան,Երևան / Մալաթիա,"ՀՀ ԿԳՆ «Երևանի «Մխիթար Սեբաստացի» կրթահամալիր» ՊՈԱԿ, Հարավային դպրոց-պարտեզ",162
Երևան,Երևան / Մալաթիա,"ՀՀ ԿԳՆ «Երևանի «Մխիթար Սեբաստացի» կրթահամալիր» ՊՈԱԿ, Հյուսիսային դպրոց-պարտեզ",206
Երևան,Երևան / Մալաթիա,"ՀՀ ԿԳՆ «Երևանի «Մխիթար Սեբաստացի» կրթահամալիր» ՊՈԱԿ, Միջին դպրոց",333
Վայոց Ձոր,Վայք / Զեդեա,ՀՀ Վայոց ձորի մարզի Զեդեայի հմ/դ,5
Տավուշ,Նոյեմբերյան / Ոսկեպար,ՀՀ Տավուշի մարզի Ոսկեպարի Հ.Բարսեղյանի անվան մ/դ ՊՈԱԿ,29
Երևան,Երևան / Նոր Նորք,Հրանտ Մաթևոսյանի անվան հիմնական դպրոց,119
Սյունիք,Քաջարան / Ձագիկավան,Ձագիկավանի մ/դ,27
Երևան,Երևան / Կենտրոն,ՄՈՍԿՎԱՅԻ Մ.Վ. ԼՈՄՈՆՈՍՈՎԻ ԱՆՎԱՆ ՊԵՏԱԿԱՆ ՀԱՄԱԼՍԱՐԱՆԻ ՄԱՍՆԱՃՅՈՒՂԻՆ ԿԻՑ Ա.Հ. ԵՐԻՑՅԱՆԻ ԱՆՎԱՆ ՎԱՐԺԱՐԱՆ,119
Արագածոտն,Թալին / Ներքին Բազմաբերդ,Ներքին Բազմաբերդի Ե.Ասատրյանի անվան միջնակարգ դպրոց,58
Տավուշ,Նոյեմբերյան / Նոյեմբերյան,Նոյեմբերյանի վարժարան,82
Արագածոտն,Թալին / Նոր Արթիկ,Նոր Արթիկի Ս.Արսենյանի անվան միջնակարգ դպրոց,15
Երևան,Երևան / Արաբկիր,Ուսմունք դպրոց,177
Կոտայք,Հրազդան / Չարենցավան,Չարենցավան քաղաքի թիվ 2 հմ/դ,318
Երևան,Երևան / Քանաքեռ - Զեյթուն,Սպարտակ Մկրտչյանի անվ․ «Բյուրակն» գիտակրթական հիմնադրամ,44
Շիրակ,Գյումրի / Գյումրի,Վ. Թեքեյանի անվ. Գյումրու թիվ 2 ավագ դպրոց,164
Շիրակ,Ախուրյան / Վահրամաբերդ,Վահրամաբերդի Հարություն Մկրտչյանի անվան միջնակարգ դպրոց,88
Կոտայք,Աբովյան / Աբովյան,ք. Աբովյանի թիվ 2 հմ/դ,759
Կոտայք,Աբովյան / Աբովյան,ք. Աբովյանի թիվ 4 ա/դ,259
Կոտայք,Աբովյան / Աբովյան,ք. Աբովյանի թիվ 7 հմ/դ,536
Կոտայք,Աբովյան / Աբովյան,ք. Աբովյանի Խ.Աբովյանի անվ. թիվ 1 ա/դ,287
Կոտայք,Աբովյան / Աբովյան,ք. Աբովյանի Ն.Վանյանի անվ. թիվ 5 հմ/դ,469
Կոտայք,Աբովյան / Աբովյան,ք. Աբովյանի Ս․ Անտոնյանի անվան թիվ 8 հմ/դ,213
Կոտայք,Աբովյան / Աբովյան,ք. Աբովյանի Վ.Համբարձումյանի անվ. թիվ 10 հմ/դ,960
Սյունիք,Մեղրի / Ագարակ,ք. Ագարակի մ/դ,323
Լոռի,Ալավերդի / Ալավերդի,ք. Ալավերդու Կ. Դոլինյանի անվ. N11 մ/դ,27
Լոռի,Ալավերդի / Ալավերդի,ք. Ալավերդու Ե.Չարենցի անվ. թիվ 9 մ/դ,45
Լոռի,Ալավերդի / Ալավերդի,ք. Ալավերդու թիվ 12 հմ/դ,266
Լոռի,Ալավերդի / Ալավերդի,ք. Ալավերդու թիվ 4 հմ/դ,70
Լոռի,Ալավերդի / Ալավերդի,ք. Ալավերդու Հ.Թումանյանի անվ. թիվ 2 հմ/դ,149
Լոռի,Ալավերդի / Ալավերդի,ք. Ալավերդու Մ.Թանդիլյանի անվ. թիվ 10 հմ/դ,41
Լոռի,Ալավերդի / Ալավերդի,ք. Ալավերդու Մյասնիկյանի անվ. թիվ 7 մ/դ,60
Լոռի,Ալավերդի / Ալավերդի,ք. Ալավերդու Ս.Նովայի անվ. թիվ 8 ա/դ,62
Լոռի,Ալավերդի / Ալավերդի,ք. Ալավերդու Ս.Սպանդարյանի անվ. թիվ 1 հմ/դ,58
Լոռի,Ալավերդի / Ալավերդի,ք. Ալավերդու Ստ.Շահումյանի անվ. թիվ 5 ա/դ,62
Լոռի,Ալավերդի / Ախթալա,ք. Ախթալայի թիվ 1 մ/դ,60
Լոռի,Ալավերդի / Ախթալա,ք. Ախթալայի թիվ 2 մ/դ,68
Արագածոտն,Աշտարակ / Աշտարակ,ք. Աշտարակի Գր.Ղափանցյանի անվ. թիվ 4 հմ/դ,332
Արագածոտն,Աշտարակ / Աշտարակ,ք. Աշտարակի Ն.Աշտարակեցու անվ. թիվ 1 հմ/դ,420
Արագածոտն,Աշտարակ / Աշտարակ,ք. Աշտարակի Ն.Սիսակյանի անվ. թիվ 5 ա/դ,228
Արագածոտն,Աշտարակ / Աշտարակ,ք. Աշտարակի Պ.Պռոշյանի անվ. թիվ 3 հմ/դ,65
Արագածոտն,Աշտարակ / Աշտարակ,ք. Աշտարակի Ս.Շահազիզի անվ. թիվ 2 հմ/դ,178
Արագածոտն,Աշտարակ / Աշտարակ,ք. Աշտարակի Վ.Պետրոսյանի անվ. հմ/դ,285
Արագածոտն,Ապարան / Ապարան,ք. Ապարանի Հ. Ոսկանյանի անվան թիվ 2 հմ/դ,194
Արագածոտն,Ապարան / Ապարան,ք. Ապարանի Վ.Եղիազարյան անվ. թիվ 1 հմ/դ,138
Արագածոտն,Ապարան / Ապարան,ք. Ապարանի ֆիզմաթ ա/դ,116
Արարատ,Արարատ / Արարատ,ք. Արարատի N 5 մ/դ,250
Արարատ,Արարատ / Արարատ,ք. Արարատի ա/դ,138
Արարատ,Արարատ / Արարատ,ք. Արարատի թիվ 1 հմ/դ,227
Արարատ,Արարատ / Արարատ,ք. Արարատի թիվ 4 հմ/դ,359
Արարատ,Արարատ / Արարատ,ք. Արարատի Պ. Սևակի անվ. թիվ 2 հմ/դ,195
Շիրակ,Արթիկ / Արթիկ,ք. Արթիկի թիվ 1 հմ/դ,248
Շիրակ,Արթիկ / Արթիկ,ք. Արթիկի թիվ 2 հմ/դ,252
Շիրակ,Արթիկ / Արթիկ,ք. Արթիկի թիվ 3 ա/դ,184
Շիրակ,Արթիկ / Արթիկ,ք. Արթիկի թիվ 4 հմ/դ,170
Շիրակ,Արթիկ / Արթիկ,ք. Արթիկի թիվ 5 հմ/դ,117
Շիրակ,Արթիկ / Արթիկ,ք. Արթիկի թիվ 6 հմ/դ,105
Շիրակ,Արթիկ / Արթիկ,ք. Արթիկի թիվ 8 հմ/դ,74
Արմավիր,Արմավիր / Արմավիր,ք. Արմավիրի «Տիգրան Մեծի» անվ. ռազմամարզական վարժ.,22
Արմավիր,Արմավիր / Արմավիր,ք. Արմավիրի Ա.Օզանյանի անվ. թիվ 5 հմ/դ,549
Արմավիր,Արմավիր / Արմավիր,ք. Արմավիրի թիվ 10 հմ/դ,184
Արմավիր,Արմավիր / Արմավիր,ք. Արմավիրի թիվ 3 հմ/դ,125
Արմավիր,Արմավիր / Արմավիր,ք. Արմավիրի թիվ 8 հմ/դ,490
Արմավիր,Արմավիր / Արմավիր,ք. Արմավիրի թիվ 9 հմ/դ,86
Արմավիր,Արմավիր / Արմավիր,ք. Արմավիրի Մ.Սիլիկյանի անվ. թիվ 6 հմ/դ,281
Արմավիր,Արմավիր / Արմավիր,ք. Արմավիրի Ռ.Եղոյանի անվ. թիվ 1 ա/դ,309
Արմավիր,Արմավիր / Արմավիր,ք. Արմավիրի Վ.Բախշյանի անվ. թիվ 2 հմ/դ,256
Արարատ,Արտաշատ / Արտաշատ,ք. Արտաշատի Ա.Գոլեցյանի անվ. թիվ 1 հմ/դ,508
Արարատ,Արտաշատ / Արտաշատ,ք. Արտաշատի ա/դ,149
Արարատ,Արտաշատ / Արտաշատ,ք. Արտաշատի թիվ 3 հմ/դ,263
Արարատ,Արտաշատ / Արտաշատ,ք. Արտաշատի թիվ 4 հմ/դ,208
Արարատ,Արտաշատ / Արտաշատ,ք. Արտաշատի թիվ 5 հմ/դ,533
Արարատ,Արտաշատ / Արտաշատ,ք. Արտաշատի Հ.Թումանյանի անվ. թիվ 2 հմ/դ,266
Տավուշ,Տավուշ / Բերդ,ք. Բերդի թիվ 1 հմ/դ,166
Տավուշ,Տավուշ / Բերդ,ք. Բերդի թիվ 3 հմ/դ,187
Տավուշ,Տավուշ / Բերդ,ք. Բերդի թիվ 4 հմ/դ,39
Տավուշ,Տավուշ / Բերդ,ք. Բերդի Մ․ Սաղումյանի անվ ա/դ,77
Կոտայք,Բյուրեղավան / Բյուրեղավան,ք. Բյուրեղավանի հմ/դ,566
Կոտայք,Բյուրեղավան / Բյուրեղավան,ք. Բյուրեղավանի Ս.Վարդանյանի անվ. ա/դ,207
Գեղարքունիք,Գավառ / Գավառ,ք. Գավառի ա/դ,92
Գեղարքունիք,Գավառ / Գավառ,ք. Գավառի Գեորգի Մնացականյանի թիվ 7 մ/դ,137
Գեղարքունիք,Գավառ / Գավառ,ք. Գավառի թիվ 1 հմ/դ,141
Գեղարքունիք,Գավառ / Գավառ,ք. Գավառի թիվ 2 մ/դ,212
Գեղարքունիք,Գավառ / Գավառ,ք. Գավառի Հ. Թումանյանի անվ. թիվ 3 հմ/դ,108
Գեղարքունիք,Գավառ / Գավառ,ք. Գավառի հ․ 4 հմ/դ,278
Գեղարքունիք,Գավառ / Գավառ,ք. Գավառի հ․ 5 հմ/դ,128
Գեղարքունիք,Գավառ / Գավառ,ք. Գավառի Մ. Բունիաթյանի անվ. հ․ 8 մ/դ,107
Շիրակ,Գյումրի / Գյումրի,ք. Գյումրու ՀԱՊՀ Գյումրու մասնաճյուղի ավագ դպրոց,67
Շիրակ,Գյումրի / Գյումրի,ք. Գյումրու «Գյումրու տնտեսագիտական վարժարան»,448
Շիրակ,Գյումրի / Գյումրի,ք. Գյումրու «Պրոգրես» համ.-ի հենակ. միջնակարգ(լրիվ) ընդ./դ,26
Շիրակ,Գյումրի / Գյումրի,ք. Գյումրու Ակադեմիական վարժարան,270
Շիրակ,Գյումրի / Գյումրի,ք. Գյումրու Գ.Սարյանի անվ. թիվ 24 հմ/դ,69
Շիրակ,Գյումրի / Գյումրի,ք. Գյումրու Գր.Լուսավորիչի անվ. թիվ 31 հմ/դ,134
Շիրակ,Գյումրի / Գյումրի,ք. Գյումրու թիվ 9 հմ/դ,116
Շիրակ,Գյումրի / Գյումրի,ք. Գյումրու թիվ 1 ա/դ,136
Շիրակ,Գյումրի / Գյումրի,ք. Գյումրու թիվ 10 հմ/դ,215
Շիրակ,Գյումրի / Գյումրի,ք. Գյումրու թիվ 11 հմ/դ,490
Շիրակ,Գյումրի / Գյումրի,ք. Գյումրու թիվ 15 հմ/դ,190
Շիրակ,Գյումրի / Գյումրի,ք. Գյումրու թիվ 18 մ/դ,189
Շիրակ,Գյումրի / Գյումրի,ք. Գյումրու թիվ 19 հմ/դ,172
Շիրակ,Գյումրի / Գյումրի,ք. Գյումրու թիվ 20 հմ/դ,264
Շիրակ,Գյումրի / Գյումրի,ք. Գյումրու թիվ 23 մ/դ,598
Շիրակ,Գյումրի / Գյումրի,ք. Գյումրու թիվ 25 հմ/դ,357
Շիրակ,Գյումրի / Գյումրի,ք. Գյումրու թիվ 26 ա/դ,68
Շիրակ,Գյումրի / Գյումրի,ք. Գյումրու թիվ 27 մ/դ,165
Շիրակ,Գյումրի / Գյումրի,ք. Գյումրու թիվ 28 հմ/դ,215
Շիրակ,Գյումրի / Գյումրի,ք. Գյումրու թիվ 29 հմ/դ,195
Շիրակ,Գյումրի / Գյումրի,ք. Գյումրու թիվ 30 հմ/դ,64
Շիրակ,Գյումրի / Գյումրի,ք. Գյումրու թիվ 32 հմ/դ,169
Շիրակ,Գյումրի / Գյումրի,ք. Գյումրու թիվ 38 հմ/դ,118
Շիրակ,Գյումրի / Գյումրի,ք. Գյումրու թիվ 4 հմ/դ,141
Շիրակ,Գյումրի / Գյումրի,ք. Գյումրու թիվ 40 հմ/դ,118
Շիրակ,Գյումրի / Գյումրի,ք. Գյումրու թիվ 41 հմ/դ,330
Շիրակ,Գյումրի / Գյումրի,ք. Գյումրու թիվ 43 հմ/դ,9
Շիրակ,Գյումրի / Գյումրի,ք. Գյումրու թիվ 45 մ/դ,181
Շիրակ,Գյումրի / Գյումրի,ք. Գյումրու թիվ 5 հմ/դ,77
Շիրակ,Գյումրի / Գյումրի,ք. Գյումրու թիվ 7 հմ/դ,542
Շիրակ,Գյումրի / Գյումրի,ք. Գյումրու թիվ 8 մ/դ,124
Շիրակ,Գյումրի / Գյումրի,ք. Գյումրու համար 6 հիմնական,234
Շիրակ,Գյումրի / Գյումրի,ք. Գյումրու Օլիմպիական հերթ. մարզական քոլեջ,5
Շիրակ,Գյումրի / Գյումրի,ք. Գյումրու Օյունջյան մ/դ վարժարան,363
Սյունիք,Գորիս / Գորիս,ք. Գորիսի Ա.Բակունցի անվ. թիվ 1 ա/դ,501
Սյունիք,Գորիս / Գորիս,ք. Գորիսի թիվ 2 հմ/դ,198
Սյունիք,Գորիս / Գորիս,ք. Գորիսի թիվ 4 ա/դ,154
Սյունիք,Գորիս / Գորիս,ք. Գորիսի թիվ 5 հմ/դ,93
Սյունիք,Գորիս / Գորիս,ք. Գորիսի Յու.Բախշյանի անվ. թիվ 3 հմ/դ,322
Սյունիք,Գորիս / Գորիս,ք. Գորիսի Ս.Խանզադյանի անվ. թիվ 6 հմ/դ,197
Սյունիք,Սիսիան / Դաստակերտ,ք. Դաստակերտի մ/դ,2
Տավուշ,Դիլիջան / Դիլիջան,ք. Դիլիջանի թիվ 2 հմ/դ,298
Տավուշ,Դիլիջան / Դիլիջան,ք. Դիլիջանի թիվ 4 հմ/դ,221
Տավուշ,Դիլիջան / Դիլիջան,ք. Դիլիջանի թիվ 6 հմ/դ,52
Տավուշ,Դիլիջան / Դիլիջան,ք. Դիլիջանի Վ Անանյանի անվ. մ/դ,198
Վայոց Ձոր,Եղեգնաձոր / Եղեգնաձոր,ք. Եղեգնաձորի թիվ 1 հմ/դ,262
Վայոց Ձոր,Եղեգնաձոր / Եղեգնաձոր,ք. Եղեգնաձորի Հ.Հովհաննիսյանի անվ. թիվ 2 հմ/դ,298
Վայոց Ձոր,Եղեգնաձոր / Եղեգնաձոր,ք. Եղեգնաձորի վարժարան,184
Կոտայք,Նաիրի / Եղվարդ,ք. Եղվարդի թիվ 1 ա/դ,222
Կոտայք,Նաիրի / Եղվարդ,ք. Եղվարդի թիվ 3 հմ/դ,422
Կոտայք,Նաիրի / Եղվարդ,ք. Եղվարդի Հ.Թադևոսյանի անվ. թիվ 2 հմ/դ,424
Երևան,Երևան / Աջափնյակ,ք. Երևանի «Ադամյան դպրոց» ՍՊԸ,43
Երևան,Երևան / Կենտրոն,ք. Երևանի «ԱԻՍ ԳՐՈՒՊ» ՍՊԸ,21
Երևան,Երևան / Կենտրոն,ք. Երևանի «Ակադեմիական» ՍՊԸ,93
Երևան,Երևան / Արաբկիր,ք. Երևանի «Այբ կրթական հանգույց» հիմնադրամ,231
Երևան,Երևան / Նոր Նորք,ք. Երևանի «Անտիկյան կրթարան» հմ/դ,30
Երևան,Երևան / Արաբկիր,ք. Երևանի «Արգենտինյան Հանրապետություն» թիվ 76 հմ/դ,227
Երևան,Երևան / Կենտրոն,ք. Երևանի «Արեգնազան» կթհ.,301
Երևան,Երևան / Քանաքեռ - Զեյթուն,ք. Երևանի «Բյուրակն» կթհ.,34
Երևան,Երևան / Ավան,ք. Երևանի «Գերմիոնա» կթհ.,40
Երևան,Երևան / Կենտրոն,ք. Երևանի «Գիտակ» ստեղծագործական կենտրոն,32
Երևան,Երևան / Կենտրոն,ք. Երևանի «Գլոբալ Բրիջ» ՍՊԸ,260
Երևան,Երևան / Մալաթիա,ք. Երևանի «Երևակ» կթհ.,159
Երևան,Երևան / Կենտրոն,ք. Երևանի «ՀԱՅ ԱՍՊԵՏ» Կրթադաստիարակչական բարեգործական հիմնադրամ,155
Երևան,Երևան / Մալաթիա,ք. Երևանի «Հայ կրթություն» կրթական հիմնադրամ,405
Երևան,Երևան / Քանաքեռ - Զեյթուն,ք. Երևանի «Հայաստանում եվրոպական վարժարան» հիմնադրամ,165
Երևան,Երևան / Արաբկիր,ք. Երևանի «Հայբուսակ» համ.-ի հենակետային ա/դ,6
Երևան,Երևան / Կենտրոն,ք. Երևանի «Մակսեդան» օտար լեզուների մ/դ,74
Երևան,Երևան / Աջափնյակ,ք. Երևանի «Շ.Շահամիրյան» կթհ.,92
Երևան,Երևան / Քանաքեռ - Զեյթուն,ք. Երևանի «Ուսում» մ/դ,429
Երևան,Երևան / Շենգավիթ,ք. Երևանի «Ռոբերտ Ազարյան» hմ/դ,30
Երևան,Երևան / Կենտրոն,ք. Երևանի «Ռոսիա» հասարակական կազմակերպության «Սլավյանսկայա» մ/դ,69
Երևան,Երևան / Նոր Նորք,ք. Երևանի «Վարդանանց ասպետներ» թիվ 106 հմ/դ,544
Երևան,Երևան / Նոր Նորք,ք. Երևանի «Վարդանանք» կրթահամալիր,161
Երևան,Երևան / Մալաթիա,ք. Երևանի «Տաթև» մ/դ,204
Երևան,Երևան / Կենտրոն,ք. Երևանի «Փոքրիկ Իշխան» գիտափորձարարական կթհ.,173
Երևան,Երևան / Շենգավիթ,ք. Երևանի «Քվանտ» վարժ.,404
Երևան,Երևան / Նորք - Մարաշ,ք. Երևանի «Օլիմպոս» Կրթահամալիր - ավագ դպրոց,117
Երևան,Երևան / Ավան,ք. Երևանի «Օհանյան» կթհ.,309
Երևան,Երևան / Նորք - Մարաշ,ք. Երևանի Ա.Արմենակյանի անվ. թիվ 26 հմ/դ,116
Երևան,Երևան / Աջափնյակ,ք. Երևանի Ա.Երզնկյանի անվ. թիվ 118 ա/դ,365
Երևան,Երևան / Կենտրոն,ք. Երևանի Ա.Խանջյանի անվ. թիվ 53 հմ/դ,214
Երևան,Երևան / Էրեբունի,ք. Երևանի Ա.Հովհաննիսյանի անվ. թիվ 194 հմ/դ,754
Երևան,Երևան / Նոր Նորք,ք. Երևանի Ա.Ղարիբյանի անվ. թիվ 142 ա/դ,217
Երևան,Երևան / Դավիթաշեն,ք. Երևանի Ա.Մանուկյանի անվ. թիվ 93 մ/դ,385
Երևան,Երևան / Կենտրոն,ք. Երևանի Ա.Մարգարյանի անվ. թիվ 29 ա/դ,332
Երևան,Երևան / Նոր Նորք,ք. Երևանի Ա.Միկոյանի անվ. թիվ 166 հմ/դ,650
Երևան,Երևան / Դավիթաշեն,ք. Երևանի Ա.Նավասարդյանի անվ. թիվ 196 հմ/դ,655
Երևան,Երևան / Կենտրոն,ք. Երևանի Ա.Չեխովի անվ. թիվ 55 հմ/դ,601
Երևան,Երևան / Կենտրոն,ք. Երևանի Ա.Պուշկինի անվ. թիվ 8 հմ/դ,826
Երևան,Երևան / Շենգավիթ,ք. Երևանի Ալ. Մյասնիկյանի անվ. թիվ 66 հմ/դ,331
Երևան,Երևան / Աջափնյակ,ք. Երևանի Ալ.Բլոկի անվ. թիվ 122 հմ/դ,422
Երևան,Երևան / Արաբկիր,ք. Երևանի Ալ.Շիրվանզադեի անվ. թիվ 21 հմ/դ,375
Երևան,Երևան / Ավան,ք. Երևանի Ալեքսանդր Քեմուրջյանի անվան թիվ 170 ա/դ,242
Երևան,Երևան / Նորք - Մարաշ,ք. Երևանի Արգիշտի Առաջին արքայի անվ. թիվ 61 hմ/դ,122
Երևան,Երևան / Էրեբունի,ք. Երևանի Ա․ Հարությունյանի անվ․ թիվ 49 հմ/դ,104
Երևան,Երևան / Էրեբունի,ք. Երևանի Բ.Ժամկոչյանի անվան վարժարան,485
Երևան,Երևան / Նոր Նորք,ք. Երևանի Գ. Ադդարյանի անվ. թիվ 133 հմ/դ,260
Երևան,Երևան / Մալաթիա,ք. Երևանի Գ. Գյուլբենկյանի անվ. թիվ 190 ա/դ,441
Երևան,Երևան / Շենգավիթ,ք. Երևանի Գ. Նժդեհի անվ. թիվ 161 հմ/դ,362
Երևան,Երևան / Նոր Նորք,ք. Երևանի Գ.Բաղյանի անվ. թիվ 141 հմ/դ,212
Երևան,Երևան / Կենտրոն,ք. Երևանի Գ.Էմինի անվան N 182 ա/դ,271
Երևան,Երևան / Մալաթիա,ք. Երևանի Գ.Մահարու անվ. թիվ 176 հմ/դ,635
Երևան,Երևան / Աջափնյակ,ք. Երևանի Գ.Մարգարյանի անվ. թիվ 94 ա/դ,152
Երևան,Երևան / Շենգավիթ,ք. Երևանի Գ.Նարեկացու անվ. թիվ 137 հմ/դ,430
Երևան,Երևան / Նոր Նորք,ք. Երևանի Գ.Ստեփանյանի անվ. թիվ 135 հմ/դ,762
Երևան,Երևան / Դավիթաշեն,ք. Երևանի Գևորգ Վարդանյանի անվ. թիվ 192 հմ/դ,552
Երևան,Երևան / Աջափնյակ,ք. Երևանի Գ․ Արշակյանի անվան թիվ 22 հմ/դ,205
Երևան,Երևան / Նոր Նորք,ք. Երևանի Գ․ Գուրզադյանի անվան թիվ 163 հմ/դ,226
Երևան,Երևան / Շենգավիթ,ք. Երևանի Գ․ Զոհրապի անվան թիվ 97 ա/դ,114
Երևան,Երևան / Աջափնյակ,ք. Երևանի Դ. Սարապյանի անվ. թիվ 100 հմ/դ,208
Երևան,Երևան / Շենգավիթ,ք. Երևանի Դ.Դեմիրճյանի անվ. թիվ 27 հմ/դ,205
Երևան,Երևան / Մալաթիա,ք. Երևանի Դ.Հովսեփյանի անվ. թիվ 191 հմ/դ,475
Երևան,Երևան / Մալաթիա,ք. Երևանի Դ.Վարուժանի անվ. թիվ 89 հմ/դ,689
Երևան,Երևան / Կենտրոն,ք. Երևանի Ե.Չարենցի անվ. թիվ 67 հմ/դ,371
Երևան,Երևան / Քանաքեռ - Զեյթուն,ք. Երևանի ԵՊԲՀ «Հերացի» ա/դ,265
Երևան,Երևան / Քանաքեռ - Զեյթուն,ք. Երևանի Եվրասիա համ-ի հենակետ. վարժ.,38
Երևան,Երևան / Աջափնյակ,ք. Երևանի Զ․Խալափյանի անվ․ հ․ 156 հմ/դ,109
Երևան,Երևան / Մալաթիա,ք. Երևանի Է.Բոյաջյանի անվ. թիվ 121 հմ/դ,188
Երևան,Երևան / Կենտրոն,ք. Երևանի Թելմանի անվ. թիվ 13 հմ/դ,91
Երևան,Երևան / Ավան,ք. Երևանի թիվ 87 մ/դ,523
Երևան,Երևան / Էրեբունի,ք. Երևանի թիվ 101 մ/դ,108
Երևան,Երևան / Աջափնյակ,ք. Երևանի թիվ 102 հմ/դ,149
Երևան,Երևան / Ավան,ք. Երևանի թիվ 104 հմ/դ,364
Երևան,Երևան / Մալաթիա,ք. Երևանի թիվ 105 ա/դ,187
Երևան,Երևան / Էրեբունի,ք. Երևանի թիվ 107 մ/դ,121
Երևան,Երևան / Աջափնյակ,ք. Երևանի թիվ 108 մ/դ,449
Երևան,Երևան / Աջափնյակ,ք. Երևանի թիվ 109 ա/դ,104
Երևան,Երևան / Շենգավիթ,ք. Երևանի թիվ 110 հմ/դ,100
Երևան,Երևան / Մալաթիա,ք. Երևանի թիվ 116 հմ/դ,310
Երևան,Երևան / Էրեբունի,ք. Երևանի թիվ 120 հմ/դ,102
Երևան,Երևան / Կենտրոն,ք. Երևանի թիվ 13 երաժշտական մգ.մ/դ,69
Երևան,Երևան / Նոր Նորք,ք. Երևանի թիվ 134 հմ/դ,211
Երևան,Երևան / Քանաքեռ - Զեյթուն,ք. Երևանի թիվ 136 հմ/դ,205
Երևան,Երևան / Արաբկիր,ք. Երևանի թիվ 14 հտ.մ/դ,21
Երևան,Երևան / Շենգավիթ,ք. Երևանի թիվ 140 հմ/դ,191
Երևան,Երևան / Շենգավիթ,ք. Երևանի թիվ 144 հմ/դ,90
Երևան,Երևան / Քանաքեռ - Զեյթուն,ք. Երևանի թիվ 147 հմ/դ,454
Երևան,Երևան / Մալաթիա,ք. Երևանի թիվ 152 հմ/դ,159
Երևան,Երևան / Շենգավիթ,ք. Երևանի թիվ 154 հմ/դ,427
Երևան,Երևան / Նորք - Մարաշ,ք. Երևանի թիվ 157 հմ/դ,98
Երևան,Երևան / Նոր Նորք,ք. Երևանի թիվ 159 ա/դ,102
Երևան,Երևան / Էրեբունի,ք. Երևանի թիվ 160 հմ/դ,679
Երևան,Երևան / Մալաթիա,ք. Երևանի թիվ 162 հմ/դ,631
Երևան,Երևան / Էրեբունի,ք. Երևանի թիվ 167 հմ/դ,123
Երևան,Երևան / Աջափնյակ,ք. Երևանի թիվ 168 հմ/դ,690
Երևան,Երևան / Նոր Նորք,ք. Երևանի թիվ 17 հտ.հմ/դ,39
Երևան,Երևան / Մալաթիա,ք. Երևանի թիվ 174 հմ/դ,674
Երևան,Երևան / Նուբարաշեն,ք. Երևանի թիվ 175 մ/դ,378
Երևան,Երևան / Էրեբունի,ք. Երևանի թիվ 178 հմ/դ,159
Երևան,Երևան / Մալաթիա,ք. Երևանի թիվ 179 հմ/դ,253
Երևան,Երևան / Մալաթիա,ք. Երևանի թիվ 181 հմ/դ,1030
Երևան,Երևան / Աջափնյակ,ք. Երևանի թիվ 185 հմ/դ,251
Երևան,Երևան / Նոր Նորք,ք. Երևանի թիվ 186 հմ/դ,468
Երևան,Երևան / Նոր Նորք,ք. Երևանի թիվ 187 մ/դ,278
Երևան,Երևան / Աջափնյակ,ք. Երևանի թիվ 188 հմ/դ,431
Երևան,Երևան / Աջափնյակ,ք. Երևանի թիվ 195 ա/դ,292
Երևան,Երևան / Նոր Նորք,ք. Երևանի թիվ 197 հմ/դ,550
Երևան,Երևան / Նոր Նորք,ք. Երևանի թիվ 198 ա/դ,195
Երևան,Երևան / Կենտրոն,ք. Երևանի թիվ 2 ա/դ,250
Երևան,Երևան / Մալաթիա,ք. Երևանի թիվ 2 հտ/կթհ.,4
Երևան,Երևան / Շենգավիթ,ք. Երևանի թիվ 31 հմ/դ,128
Երևան,Երևան / Էրեբունի,ք. Երևանի թիվ 45 հմ/դ,221
Երևան,Երևան / Շենգավիթ,ք. Երևանի թիվ 46 ա/դ,210
Երևան,Երևան / Շենգավիթ,ք. Երևանի թիվ 50 հմ/դ,131
Երևան,Երևան / Նոր Նորք,ք. Երևանի թիվ 62 ա/դ,195
Երևան,Երևան / Էրեբունի,ք. Երևանի թիվ 64 հմ/դ,188
Երևան,Երևան / Շենգավիթ,ք. Երևանի թիվ 75 հմ/դ,189
Երևան,Երևան / Մալաթիա,ք. Երևանի թիվ 91 հմ/դ,131
Երևան,Երևան / Շենգավիթ,ք. Երևանի թիվ 98 հմ/դ,264
Երևան,Երևան / Շենգավիթ,ք. Երևանի թիվ 99 միջնակարգ դպրոց,395
Երևան,Երևան / Աջափնյակ,ք. Երևանի թիվ Ռ. Իշխանյանի անվ.153 հմ/դ,408
Երևան,Երևան / Աջափնյակ,ք. Երևանի Լ. Միրիջանյանի անվ. թիվ 155 հմ/դ,771
Երևան,Երևան / Քանաքեռ - Զեյթուն,ք. Երևանի Լ.Արիսյանի անվ. թիվ 127 ա/դ,213
Երևան,Երևան / Կենտրոն,ք. Երևանի Լ.Շանթի անվ. թիվ 4 հմ/դ,149
Երևան,Երևան / Արաբկիր,ք. Երևանի Լ.Տոլստոյի անվ. թիվ 128 հմ/դ,283
Երևան,Երևան / Շենգավիթ,ք. Երևանի Լեոյի անվ. թիվ 65 ա/դ,338
Երևան,Երևան / Նորք - Մարաշ,ք. Երևանի լսողության խանգարումներ ունեցող երե. հատուկ կրթահամալիր,36
Երևան,Երևան / Դավիթաշեն,ք. Երևանի Լ․ Ազգալդյանի անվան թիվ 200 հմ/դ,641
Երևան,Երևան / Կենտրոն,ք. Երևանի Խ.Աբովյանի անվ. թիվ 2 հմ/դ,432
Երևան,Երևան / Քանաքեռ - Զեյթուն,ք. Երևանի Խ.Աբովյանի անվ. թիվ 84 հմ/դ,479
Երևան,Երևան / Կենտրոն,ք. Երևանի Խ.Աբովյանի անվ. ՀՊՄՀ հենակետային թիվ 57 հմ/դ,278
Երևան,Երևան / Կենտրոն,ք. Երևանի Խ.Աբովյանի անվ. ՀՊՄՀ հենակետային վարժարան ա/դ,351
Երևան,Երևան / Կենտրոն,ք. Երևանի Խ.Դաշտենցի անվ. թիվ 114 ա/դ,274
Երևան,Երևան / Էրեբունի,ք. Երևանի Խ.Սամուելյանի անվ. թիվ 47 մ/դ,275
Երևան,Երևան / Կենտրոն,ք. Երևանի Խրիմյան Հայրիկի անվ. թիվ 10 հմ/դ,89
Երևան,Երևան / Նոր Նորք,ք. Երևանի Կ. Դեմիճյանի անվ. թիվ 139 ա/դ,261
Երևան,Երևան / Ավան,ք. Երևանի Կարեն․ Ասրյանի անվ․ թիվ 171 հմ/դ,530
Երևան,Երևան / Քանաքեռ - Զեյթուն,ք. Երևանի Կոստան Զարյանի անվ. թիվ 117 հմ/դ,303
Երևան,Երևան / Աջափնյակ,ք. Երևանի Հ. Մորգենթաուի անվ. թիվ 126 հմ/դ,64
Երևան,Երևան / Շենգավիթ,ք. Երևանի Հ. Շիրազի անվ. թիվ 169 հմ/դ,331
Երևան,Երևան / Շենգավիթ,ք. Երևանի Հ.Ավետիսյանի անվ. թիվ 74 հմ/դ,297
Երևան,Երևան / Արաբկիր,ք. Երևանի Հ.Գալստյանի անվ. թիվ 83 ա/դ,256
Երևան,Երևան / Շենգավիթ,ք. Երևանի Հ.Թումանյանի անվ. թիվ 32 հմ/դ,114
Երևան,Երևան / Արաբկիր,ք. Երևանի Հ.Իսակովի անվ. թիվ 132 հմ/դ,532
Երևան,Երևան / Դավիթաշեն,ք. Երևանի Հ.Խաչատրյանի անվ. թիվ 199 հմ/դ,423
Երևան,Երևան / Էրեբունի,ք. Երևանի Հ.Կարապենցի անվ. թիվ 6 հմ/դ,379
Երևան,Երևան / Արաբկիր,ք. Երևանի Հ.Հայրապետյանի անվ. թիվ 78 հմ/դ,331
Երևան,Երևան / Շենգավիթ,ք. Երևանի Հ.Հովհաննիսյանի անվ. թիվ 52 հմ/դ,328
Երևան,Երևան / Քանաքեռ - Զեյթուն,ք. Երևանի Հ.Պարոնյանի անվ. թիվ 59 հմ/դ,151
Երևան,Երևան / Արաբկիր,ք. Երևանի Հ.Պողոսյանի անվան թիվ 82 հմ/դ,364
Երևան,Երևան / Էրեբունի,ք. Երևանի Հ.Սահյանի անվ. թիվ 70 հմ/դ,50
Երևան,Երևան / Արաբկիր,ք. Երևանի Հ.Օշականի անվ. թիվ 172 հմ/դ,258
Երևան,Երևան / Կենտրոն,ք. Երևանի ՀԱԱՀ վարժարան (Ագրարային համալսարան),87
Երևան,Երևան / Կենտրոն,ք. Երևանի Հակոբ Կոջոյանի անվ. կրթահամալիր,349
Երևան,Երևան / Արաբկիր,ք. Երևանի Հայկ Բժշկյանցի անվ. թիվ 129 հմ/դ,170
Երևան,Երևան / Կենտրոն,ք. Երևանի ՀԱՊՀ ա/դ,255
Երևան,Երևան / Կենտրոն,ք. Երևանի Հյուսիսային համալսարանի ա/դ,17
Երևան,Երևան / Քանաքեռ - Զեյթուն,ք. Երևանի Հրանտ Դինքի անվ. թիվ 44 հմ/դ,337
Երևան,Երևան / Մալաթիա,ք. Երևանի հ․ 112 ա/դ,220
Երևան,Երևան / Կենտրոն,ք. Երևանի Հ․ Բաղրամյանի անվ․ թիվ 39 հմ/դ,72
Երևան,Երևան / Արաբկիր,ք. Երևանի Ղ.Աղայանի անվ. թիվ 63 հմ/դ,93
Երևան,Երևան / Նուբարաշեն,ք. Երևանի Ղևոնդ Ալիշանի անվ. թիվ 95 մ/դ,417
Երևան,Երևան / Կենտրոն,ք. Երևանի ՃՇՀԱՀ Մանուկ Աբեղյանի անվ. ա/դ,510
Երևան,Երևան / Արաբկիր,ք. Երևանի Մ.Գալշոյանի անվան թիվ 148 ա/դ,226
Երևան,Երևան / Շենգավիթ,ք. Երևանի Մ.Գորգիսյանի անվ. թիվ 158 հմ/դ,329
Երևան,Երևան / Կենտրոն,ք. Երևանի Մ.Իշխանի անվ. թիվ 5 հմ/դ,72
Երևան,Երևան / Նոր Նորք,ք. Երևանի Մ.Խորենացու անվ. 143 հմ/դ,366
Երևան,Երևան / Քանաքեռ - Զեյթուն,ք. Երևանի Մ.Մանուշյանի անվ. թիվ 48 հմ/դ,396
Երևան,Երևան / Աջափնյակ,ք. Երևանի Մ.Մեծարենցի անվ. թիվ 146 հմ/դ,166
Երևան,Երևան / Էրեբունի,ք. Երևանի Մ.Մխոյանի անվ. թիվ 68 հմ/դ,115
Երևան,Երևան / Կենտրոն,ք. Երևանի Մ.Նալբանդյանի անվ. թիվ 33 հմ/դ,160
Երևան,Երևան / Շենգավիթ,ք. Երևանի Մ.Սարյանի անվ. թիվ 86 հմ/դ,185
Երևան,Երևան / Արաբկիր,ք. Երևանի Մ.Քաջունու անվ. թիվ 54 ա/դ,273
Երևան,Երևան / Մալաթիա,ք. Երևանի Մոնթե Մելքոնյանի անվ.թիվ 11 հմ/դ,966
Երևան,Երևան / Շենգավիթ,ք. Երևանի Մովսես Ջանբազյանի անվ. թիվ 79 հմ/դ,270
Երևան,Երևան / Շենգավիթ,ք. Երևանի Մուրացանի անվ. թիվ 18 հմ/դ,231
Երևան,Երևան / Նուբարաշեն,ք. Երևանի մտավոր թերզարգացում ունեցող երեխաների N 11 հատուկ /օժանդակ/ դպրոց,23
Երևան,Երևան / Կենտրոն,ք. Երևանի Մ․ Մաշտոցի անվ․ երկարօրյա ուս․ համալիր,258
Երևան,Երևան / Նոր Նորք,ք. Երևանի Յ.Լեփսիուսի անվ. թիվ 88 հմ/դ,379
Երևան,Երևան / Կենտրոն,ք. Երևանի Ն.Աղբալյանի անվ. թիվ 19 հմ/դ,786
Երևան,Երևան / Արաբկիր,ք. Երևանի Ն.Զարյանի անվ. թիվ 130 հմ/դ,481
Երևան,Երևան / Մալաթիա,ք. Երևանի Ն.Խաչատրյանի անվ. թիվ 113 մ/դ,579
Երևան,Երևան / Ավան,ք. Երևանի Ն.Մեծի անվ. թիվ 124 հմ/դ,199
Երևան,Երևան / Նոր Նորք,ք. Երևանի Ն.Սաֆարյանի անվ. թիվ 164 հմ/դ,437
Երևան,Երևան / Էրեբունի,ք. Երևանի Ն.Վ. Գոգոլի անվան հմ. 35 հմ/դ,796
Երևան,Երևան / Կենտրոն,ք. Երևանի Նար-Դոսի անվ. թիվ 14 հմ/դ,156
Երևան,Երևան / Կենտրոն,ք. Երևանի Նելսոն Ստեփանյանի անվ. h. 71 հմ/դ,402
Երևան,Երևան / Աջափնյակ,ք. Երևանի Պ.Յավորովի անվ. թիվ 131 հմ/դ,679
Երևան,Երևան / Կենտրոն,ք. Երևանի Պ.Չայկովսկու անվ. մասնագիտացված մ/դ,291
Երևան,Երևան / Էրեբունի,ք. Երևանի Պ.Սևակի անվ. թիվ 123 հմ/դ,314
Երևան,Երևան / Կենտրոն,ք. Երևանի պարարվեստի պետ. քոլեջ,78
Երևան,Երևան / Աջափնյակ,ք. Երևանի Ջ. Աբրահամյանի անվ. թիվ 111 հմ/դ,136
Երևան,Երևան / Կենտրոն,ք. Երևանի Ջոն Կիրակոսյանի անվ. թիվ 20 հմ/դ,311
Երևան,Երևան / Արաբկիր,ք. Երևանի Ռ.Միրոյանի անվ. թիվ 77 հմ/դ,495
Երևան,Երևան / Արաբկիր,ք. Երևանի Ռ.Սևակի անվ. թիվ151 հմ/դ,177
Երևան,Երևան / Նոր Նորք,ք. Երևանի Ռուբեն Սարգսյանի անվ․ «Էվրիստա» մ/դ,108
Երևան,Երևան / Կենտրոն,ք. Երևանի Ս. Դավթի անվ. Կրթահամալիր,5
Երևան,Երևան / Քանաքեռ - Զեյթուն,ք. Երևանի Ս.Բյուրատի անվ. թիվ 125 հմ/դ,513
Երևան,Երևան / Դավիթաշեն,ք. Երևանի Ս.Գևորգյանի անվ. թիվ 189 ա/դ,211
Երևան,Երևան / Մալաթիա,ք. Երևանի Ս.Խանզադյանի անվ. թիվ 184 ա/դ,348
Երևան,Երևան / Արաբկիր,ք. Երևանի Ս.Կապուտիկյանի անվ. թիվ 145 հմ/դ,93
Երևան,Երևան / Շենգավիթ,ք. Երևանի Ս.Հովսեփյանի անվ. թիվ 115 ա/դ,170
Երևան,Երևան / Քանաքեռ - Զեյթուն,ք. Երևանի Ս.Շահմուրադյանի անվ. թիվ 85 հմ/դ,82
Երևան,Երևան / Կենտրոն,ք. Երևանի Ս.Սպանդարյանի անվ. թիվ 24 հմ/դ,195
Երևան,Երևան / Շենգավիթ,ք. Երևանի Սախարովի անվ. թիվ 69 հմ/դ,382
Երևան,Երևան / Արաբկիր,ք. Երևանի Ստ.Զորյանի անվ. թիվ 56 հմ/դ,462
Երևան,Երևան / Կենտրոն,ք. Երևանի Ստ.Շահումյանի անվ. թիվ 1 հմ/դ,138
Երևան,Երևան / Ավան,ք. Երևանի Ստարովոյտովայի անվ. թիվ 177 հմ/դ,543
Երևան,Երևան / Էրեբունի,ք. Երևանի Ստ․ Լիսիցյանի անվ. թիվ 34 հմ/դ,101
Երևան,Երևան / Մալաթիա,ք. Երևանի Վ.Զատիկյանի անվ. թիվ 90 հմ/դ,329
Երևան,Երևան / Մալաթիա,ք. Երևանի Վ.Թեքեյանի անվ. թիվ 92 հմ/դ,212
Երևան,Երևան / Շենգավիթ,ք. Երևանի Վ.Համբարձումյանի անվ. թիվ 12 հմ/դ,485
Երևան,Երևան / Էրեբունի,ք. Երևանի Վ.Համբարձումյանի անվ. թիվ 17 հմ/դ,193
Երևան,Երևան / Կենտրոն,ք. Երևանի Վ.Մայակովսկու անվ. թիվ 7 հմ/դ,385
Երևան,Երևան / Արաբկիր,ք. Երևանի Վ.Պետրոսյանի անվ. թիվ 51 հմ/դ,606
Երևան,Երևան / Աջափնյակ,ք. Երևանի Վ.Սարոյանի անվ. թիվ 138 հմ/դ,195
Երևան,Երևան / Շենգավիթ,ք. Երևանի Վ.Վարդևանյանի անվ. թիվ 173 հմ/դ,143
Երևան,Երևան / Էրեբունի,ք. Երևանի Վ.Տերյանի անվ. թիվ 60 հմ/դ,390
Երևան,Երևան / Կենտրոն,ք. Երևանի Վաղարշ Վաղարշյանի անվ. թիվ 80 հմ/դ,273
Երևան,Երևան / Արաբկիր,ք. Երևանի Վ․ Դավթյանի անվան թիվ 37 հմ/դ,70
Երևան,Երևան / Շենգավիթ,ք. Երևանի Վ․Գ․Բելինսկու անվ. թիվ 38 հմ/դ,421
Երևան,Երևան / Կենտրոն,ք. Երևանի Տ. Շևչենկոյի անվ. թիվ 42 ա/դ,173
Երևան,Երևան / Արաբկիր,ք. Երևանի Րաֆֆու անվան թիվ 36 հմ/դ,253
Երևան,Երևան / Մալաթիա,ք. Երևանի օլիմպիական հերթափոխի պետական մարզական մգ.մ/դ,48
Երևան,Երևան / Նոր Նորք,Ք. Երևանի Ֆ. Նանսենի անվ. թիվ 150 հմ/դ,495
Արագածոտն,Թալին / Թալին,ք. Թալինի ա/դ,65
Արագածոտն,Թալին / Թալին,ք. Թալինի թիվ 2 հմ/դ,126
Արագածոտն,Թալին / Թալին,ք. Թալինի Մ. Արսլանյանի անվան թիվ 1 հիմնական դպրոց,176
Շիրակ,Աշոցք / Թորոսգյուղ,ք. Թորոսգյուղի մ/դ,28
Լոռի,Ալավերդի / Թումանյան,ք. Թումանյանի Խ.Աբովյանի անվ. մ/դ,96
Տավուշ,Իջևան / Իջևան,ք. Իջևանի Գ.Էդիլյան անվ. թիվ 3 հմ/դ,233
Տավուշ,Իջևան / Իջևան,ք. Իջևանի թիվ 2 ա/դ,287
Տավուշ,Իջևան / Իջևան,ք. Իջևանի թիվ 4 հմ/դ,182
Տավուշ,Իջևան / Իջևան,ք. Իջևանի թիվ 5 հմ/դ,444
Տավուշ,Իջևան / Իջևան,ք. Իջևանի Ս.Սարգսյանի անվ. թիվ 1 հմ/դ,284
Կոտայք,Հրազդան / Ծաղկաձոր,ք. Ծաղկաձորի մ/դ,76
Սյունիք,Կապան / Կապան,ք. Կապանի թիվ 1 հմ/դ,260
Սյունիք,Կապան / Կապան,ք. Կապանի թիվ 10 մ/դ,148
Սյունիք,Կապան / Կապան,ք. Կապանի թիվ 11 մ/դ,37
Սյունիք,Կապան / Կապան,ք. Կապանի թիվ 12 հմ/դ,24
Սյունիք,Կապան / Կապան,ք. Կապանի թիվ 13 հմ/դ,220
Սյունիք,Կապան / Կապան,ք. Կապանի թիվ 2 ա/դ,229
Սյունիք,Կապան / Կապան,ք. Կապանի թիվ 3 հտ/կթհ,36
Սյունիք,Կապան / Կապան,ք. Կապանի թիվ 3 մ/դ,421
Սյունիք,Կապան / Կապան,ք. Կապանի թիվ 4 մ/դ,9
Սյունիք,Կապան / Կապան,ք. Կապանի թիվ 5 հմ/դ,268
Սյունիք,Կապան / Կապան,ք. Կապանի թիվ 6 հմ/դ,306
Սյունիք,Կապան / Կապան,ք. Կապանի թիվ 7 հմ/դ,411
Սյունիք,Կապան / Կապան,ք. Կապանի թիվ 8 մ/դ,53
Սյունիք,Կապան / Կապան,ք. Կապանի թիվ 9 ա/դ,104
Կոտայք,Հրազդան / Հրազդան,ք. Հրազդանի Ա.Իսահակյանի անվ. թիվ 9 հմ/դ,229
Կոտայք,Հրազդան / Հրազդան,ք. Հրազդանի Ա.Շիրակացու անվ. թիվ 6 հմ/դ,174
Կոտայք,Հրազդան / Հրազդան,ք. Հրազդանի Ասքանազ Մռավյանի անվ. թիվ 4 հմ/դ,256
Կոտայք,Հրազդան / Հրազդան,ք. Հրազդանի թիվ 14 հմ/դ,215
Կոտայք,Հրազդան / Հրազդան,ք. Հրազդանի թիվ 2 հմ/դ,211
Կոտայք,Հրազդան / Հրազդան,ք. Հրազդանի թիվ 7 մ/դ,28
Կոտայք,Հրազդան / Հրազդան,ք. Հրազդանի Լ․ Խեչոյանի անվ. թիվ 10 ա/դ,241
Կոտայք,Հրազդան / Հրազդան,ք. Հրազդանի Խ.Աբովյանի անվ. թիվ 1 ա/դ,97
Կոտայք,Հրազդան / Հրազդան,ք. Հրազդանի Հ. Թումանյանի անվան թիվ 5 հմ/դ,263
Կոտայք,Հրազդան / Հրազդան,ք. Հրազդանի Հ.Պարոնյանի անվ. թիվ 12 հմ/դ,345
Կոտայք,Հրազդան / Հրազդան,ք. Հրազդանի Հ.Օրբելու անվ. թիվ 13 ա/դ,242
Կոտայք,Հրազդան / Հրազդան,ք. Հրազդանի Պ.Սևակի անվ. թիվ 8 հմ/դ,456
Կոտայք,Հրազդան / Հրազդան,ք. Հրազդանի Վ.Սարոյանի անվ. թիվ 11 հմ/դ,653
Գեղարքունիք,Ճամբարակ / Ճամբարակ,ք. Ճամբարակի ա/դ,88
Գեղարքունիք,Ճամբարակ / Ճամբարակ,ք. Ճամբարակի թիվ 1հմ/դ,190
Գեղարքունիք,Ճամբարակ / Ճամբարակ,ք. Ճամբարակի թիվ 2 հմ/դ,96
Գեղարքունիք,Ճամբարակ / Ճամբարակ,ք. Ճամբարակի թիվ 4 մ/դ,30
Արարատ,Մասիս / Մասիս,ք. Մասիսի թիվ 2 հմ/դ,470
Արարատ,Մասիս / Մասիս,ք. Մասիսի թիվ 3 հմ/դ,341
Արարատ,Մասիս / Մասիս,ք. Մասիսի թիվ 4 հմ/դ,169
Արարատ,Մասիս / Մասիս,ք. Մասիսի թիվ 6 հմ/դ,81
Արարատ,Մասիս / Մասիս,ք. Մասիսի հ. 5 ա/դ,170
Արարատ,Մասիս / Մասիս,ք. Մասիսի Մ․ Մաշտոցի անվ. N 1 հմ/դ,423
Շիրակ,Անի / Մարալիկ,ք. Մարալիկի թիվ 1 մ/դ,249
Շիրակ,Անի / Մարալիկ,ք. Մարալիկի թիվ 2 մ/դ,116
Գեղարքունիք,Մարտունի / Մարտունի,ք. Մարտունու ա/դ,127
Գեղարքունիք,Մարտունի / Մարտունի,ք. Մարտունու թիվ 1 հմ/դ,167
Գեղարքունիք,Մարտունի / Մարտունի,ք. Մարտունու թիվ 2 հմ/դ,428
Արմավիր,Արմավիր / Մեծամոր,ք. Մեծամորի թիվ 1 հմ/դ,517
Սյունիք,Մեղրի / Մեղրի,ք. Մեղրու թիվ 1 մ/դ,198
Սյունիք,Մեղրի / Մեղրի,ք. Մեղրու թիվ 2 մ/դ,111
Արագածոտն,Աշտարակ / Մուղնի,ք. Մուղնու Մ.Աշճյանի անվ. հ/դ,45
Տավուշ,Նոյեմբերյան / Նոյեմբերյան,ք. Նոյեմբերյանի թիվ 2 hմ/դ,256
Կոտայք,Նոր հաճըն / Նոր հաճըն,ք. Նոր Հաճնի թիվ 1 հմ/դ,361
Կոտայք,Նոր հաճըն / Նոր հաճըն,ք. Նոր Հաճնի թիվ 2 ա/դ,159
Կոտայք,Նոր հաճըն / Նոր հաճըն,ք. Նոր Հաճնի թիվ 3 հմ/դ,225
Կոտայք,Նոր հաճըն / Նոր հաճըն,ք. Նոր Հաճնի Մեծն Մուրադի անվ. թիվ 4 հմ/դ,192
Լոռի,Ալավերդի / Շամլուղ,ք. Շամլուղի մ/դ,42
Կոտայք,Հրազդան / Չարենցավան,ք. Չարենցավանի ԱՀԿ Վազգեն Ա.-ի անվ. թիվ 3 հմ/դ,351
Կոտայք,Հրազդան / Չարենցավան,ք. Չարենցավանի Ե.Չարենցի անվ. թիվ 5 հմ/դ,399
Կոտայք,Հրազդան / Չարենցավան,ք. Չարենցավանի թիվ 6 հմ/դ,310
Կոտայք,Հրազդան / Չարենցավան,ք. Չարենցավանի Մ.Մաշտոցի անվ. թիվ 1 ա/դ,343
Կոտայք,Հրազդան / Չարենցավան,ք. Չարենցավանի Ս.Ավանյանի անվ. թիվ 4 հմ/դ,313
Վայոց Ձոր,Վայք / Ջերմուկ,ք. Ջերմուկի թիվ 3 մ/դ,78
Վայոց Ձոր,Վայք / Ջերմուկ,ք. Ջերմուկի կրթահամալիր,187
Վայոց Ձոր,Վայք / Ջերմուկ,ք. Ջերմուկի Մ. Գորկու անվան թիվ 1 հմ/դ,90
Սյունիք,Սիսիան / Սիսիան,ք. Սիսիանի ա/դ,179
Սյունիք,Սիսիան / Սիսիան,ք. Սիսիանի թիվ 1 hմ/դ,159
Սյունիք,Սիսիան / Սիսիան,ք. Սիսիանի թիվ 2 hմ/դ,256
Սյունիք,Սիսիան / Սիսիան,ք. Սիսիանի թիվ 4 hմ/դ,208
Սյունիք,Սիսիան / Սիսիան,ք. Սիսիանի թիվ 5 hմ/դ,234
Լոռի,Սպիտակ / Սպիտակ,ք. Սպիտակի Ալ. Մյասնիկյանի անվ. թիվ 1 hմ/դ,165
Լոռի,Սպիտակ / Սպիտակ,ք. Սպիտակի Դ. Տեր-Սիմոնյանի անվ. թիվ 2 հմ/դ,222
Լոռի,Սպիտակ / Սպիտակ,ք. Սպիտակի թիվ 5 հմ/դ,40
Լոռի,Սպիտակ / Սպիտակ,ք. Սպիտակի թիվ 8 մ/դ,208
Լոռի,Սպիտակ / Սպիտակ,ք. Սպիտակի Շ․ Ազնավուրի անվ․ թիվ 3 հմ/դ,62
Լոռի,Սպիտակ / Սպիտակ,ք. Սպիտակի Ս.Ավետիսյանի անվան ավագ դպրոց,93
Լոռի,Սպիտակ / Սպիտակ,ք. Սպիտակի Վարդանանց թիվ 4 հմ/դ,55
Լոռի,Ստեփանավան / Ստեփանավան,ք. Ստեփանավանի Ստ.Շահումյանի անվ. թիվ 1 հմ/դ,233
Լոռի,Ստեփանավան / Ստեփանավան,ք. Ստեփանավանի Հ.Թումանյանի անվ. ա/դ,81
Լոռի,Ստեփանավան / Ստեփանավան,ք. Ստեփանավանի Մ.Խորենացու անվ. թիվ 3 հմ/դ,70
Լոռի,Ստեփանավան / Ստեփանավան,ք. Ստեփանավանի Սուրբ Գրիգոր Լուսավորիչի անվ. թիվ 2 հմ/դ,199
Լոռի,Ստեփանավան / Ստեփանավան,ք. Ստեփանավանի Վ.Թեքեյանի անվ. թիվ 6 մ/դ,244
Գեղարքունիք,Սևան / Սևան,ք. Սևանի թիվ 4 հմ/դ,123
Գեղարքունիք,Սևան / Սևան,ք. Սևանի Խ. Աբովյանի անվ. ա/դ,162
Գեղարքունիք,Սևան / Սևան,ք. Սևանի հ․ 5 մ/դ,31
Գեղարքունիք,Սևան / Սևան,ք. Սևանի հ․ 6 մ/դ,56
Գեղարքունիք,Սևան / Սևան,ք. Սևանի Մ.Մաշտոցի անվ. թիվ 1 հմ/դ,493
Գեղարքունիք,Սևան / Սևան,ք. Սևանի Յա. Զարոբյանի անվ. թիվ 2 հմ/դ,64
Գեղարքունիք,Սևան / Սևան,ք. Սևանի Վ.Կարապետյանի անվ. թիվ 3 հմ/դ,457
Արմավիր,Վաղարշապատ / Վաղարշապատ,ք. Վաղարշապատի «Գ.Լուսավորիչ» համալ.-ի մ/դ,56
Արմավիր,Վաղարշապատ / Վաղարշապատ,ք. Վաղարշապատի Գ.Նարեկացու անվ. թիվ 2 ա/դ,249
Արմավիր,Վաղարշապատ / Վաղարշապատ,ք. Վաղարշապատի Գ.Նժդեհի անվ. թիվ 8 հմ/դ,164
Արմավիր,Վաղարշապատ / Վաղարշապատ,ք. Վաղարշապատի Ե.Օտյանի անվ. թիվ 7 հմ/դ,297
Արմավիր,Վաղարշապատ / Վաղարշապատ,ք. Վաղարշապատի Զ.Անդրանիկի անվ. թիվ 12 հմ/դ,496
Արմավիր,Վաղարշապատ / Վաղարշապատ,ք. Վաղարշապատի Խ.Աբովյանի անվ. թիվ 4 հմ/դ,490
Արմավիր,Վաղարշապատ / Վաղարշապատ,ք. Վաղարշապատի Հ.Հովհաննիսյանի անվ. թիվ 3 հմ/դ,349
Արմավիր,Վաղարշապատ / Վաղարշապատ,ք. Վաղարշապատի Մ.Ա.Ս. Էջմիածնի Էօրնեկեանի անվ. մ/դ,236
Արմավիր,Վաղարշապատ / Վաղարշապատ,ք. Վաղարշապատի Մ.Գորկու անվ. թիվ 5 ա/դ,262
Արմավիր,Վաղարշապատ / Վաղարշապատ,ք. Վաղարշապատի Մ.Խորենացու անվ. թիվ 10 ա/դ,111
Արմավիր,Վաղարշապատ / Վաղարշապատ,ք. Վաղարշապատի Մ.Մաշտոցի անվ. թիվ 1 հմ/դ,321
Արմավիր,Վաղարշապատ / Վաղարշապատ,ք. Վաղարշապատի Ներսիսյան թիվ 6 հմ/դ,294
Արմավիր,Վաղարշապատ / Վաղարշապատ,ք. Վաղարշապատի Ռ.Պատկանյանի անվ. թիվ 9 հմ/դ,447
Արմավիր,Վաղարշապատ / Վաղարշապատ,ք. Վաղարշապատի Վ.Ռշտունու անվ. թիվ 11 հմ/դ,242
Վայոց Ձոր,Վայք / Վայք,ք. Վայքի ավագ դպրոց,100
Վայոց Ձոր,Վայք / Վայք,ք. Վայքի թիվ 2 հմ/դ,314
Լոռի,Վանաձոր / Վանաձոր,ք. Վանաձորի Պ.Սևակի անվ. թիվ 30 հմ/դ,405
Լոռի,Վանաձոր / Վանաձոր,ք. Վանաձորի Ա.Բակունցի անվ. N 7 հմ/դ,165
Լոռի,Վանաձոր / Վանաձոր,ք. Վանաձորի Ա.Գրիբոյեդովի անվ. թիվ 11 ա/դ,255
Լոռի,Վանաձոր / Վանաձոր,ք. Վանաձորի Ա.Խլղաթյանի անվ. թիվ 18 մ/դ,318
Լոռի,Վանաձոր / Վանաձոր,ք. Վանաձորի Ա.Մաթևոսյանի անվ. թիվ 8 հմ/դ,180
Լոռի,Վանաձոր / Վանաձոր,ք. Վանաձորի Ա.Պուշկինի անվ. թիվ 4 հմ/դ,427
Լոռի,Վանաձոր / Վանաձոր,ք. Վանաձորի ԱՀԿ Վազգեն 1-ին անվ. թիվ 1 հմ/դ,302
Լոռի,Վանաձոր / Վանաձոր,ք. Վանաձորի Ավ.Իսահակյանի անվ. թիվ 2 հմ/դ,97
Լոռի,Վանաձոր / Վանաձոր,ք. Վանաձորի Գ.Չաուշի անվ. թիվ 24 մ/դ,411
Լոռի,Վանաձոր / Վանաձոր,ք. Վանաձորի Գայի անվ. թիվ 21 հմ/դ,53
Լոռի,Վանաձոր / Վանաձոր,ք. Վանաձորի Դ.Վարուժանի անվ. թիվ 16 հմ/դ,225
Լոռի,Վանաձոր / Վանաձոր,ք. Վանաձորի Եղ. Չարենցի անվ. թիվ 12 հմ/դ,66
Լոռի,Վանաձոր / Վանաձոր,ք. Վանաձորի Խ.Աբովյանի անվ. թիվ 9 հմ/դ,74
Լոռի,Վանաձոր / Վանաձոր,ք. Վանաձորի Ծովակալ Իսակովի անվ. թիվ 23 հմ/դ,312
Լոռի,Վանաձոր / Վանաձոր,ք. Վանաձորի Հ.Թումանյանի անվ. թիվ 3 հմ/դ,384
Լոռի,Վանաձոր / Վանաձոր,ք. Վանաձորի Ղ.Ալիշանի անվ. թիվ 27 հմ/դ,282
Լոռի,Վանաձոր / Վանաձոր,ք. Վանաձորի Մ.Խորենացու անվ. թիվ 17 ա/դ,19
Լոռի,Վանաձոր / Վանաձոր,ք. Վանաձորի Մ.Մաշտոցի անվ. թիվ 15 հմ/դ,208
Լոռի,Վանաձոր / Վանաձոր,ք. Վանաձորի Մաթեմատիկայի և բնագիտ.առարկաների խորացված ուսուցմամբ հատուկ դպրոց,175
Լոռի,Վանաձոր / Վանաձոր,ք. Վանաձորի Պաբլո Տիչինայի անվ. թիվ 20 հմ/դ,169
Լոռի,Վանաձոր / Վանաձոր,ք. Վանաձորի Ս.Զորյանի անվան №22 հ/դ,115
Լոռի,Վանաձոր / Վանաձոր,ք. Վանաձորի Ստ.Շահումյանի անվ. թիվ 6 հմ/դ,264
Լոռի,Վանաձոր / Վանաձոր,ք. Վանաձորի Ս․ Նալղռանյանի անվ. թիվ 13 ա/դ,63
Լոռի,Վանաձոր / Վանաձոր,ք. Վանաձորի Վ.Համբարձումյանի անվ. թիվ 25 հմ/դ,393
Լոռի,Վանաձոր / Վանաձոր,ք. Վանաձորի ՎՊՀ հենակետային վարժարան,294
Լոռի,Վանաձոր / Վանաձոր,ք. Վանաձորի Վ․ Մելիքսեթյանի անվ․ թիվ 28 հմ/դ,196
Լոռի,Վանաձոր / Վանաձոր,ք. Վանաձորի Տերյանի անվ. թիվ 5 ա/դ,190
Լոռի,Վանաձոր / Վանաձոր,ք. Վանաձորի Րաֆֆու անվ. թիվ 19 հմ/դ,193
Գեղարքունիք,Վարդենիս / Վարդենիս,ք. Վարդենիսի Էդ. Պողոսյանի անվ. թիվ 2 հմ/դ,281
Գեղարքունիք,Վարդենիս / Վարդենիս,ք. Վարդենիսի թիվ 3 հմ/դ,221
Գեղարքունիք,Վարդենիս / Վարդենիս,ք. Վարդենիսի թիվ 4 հմ/դ,90
Գեղարքունիք,Վարդենիս / Վարդենիս,ք. Վարդենիսի Հ.Համբարձումյանի անվ. ա/դ,50
Արարատ,Վեդի / Վեդի,ք. Վեդիի ա/դ,160
Արարատ,Արարատ / Վեդի,ք. Վեդիի Գ. Մարգարյանի անվ. թիվ 1 հմ/դ,351
Արարատ,Արարատ / Վեդի,ք. Վեդիի թիվ 2 հմ/դ,371
Լոռի,Տաշիր / Տաշիր,ք. Տաշիրի Ա. Աղեկյանի անվ. թիվ 2 հմ/դ,275
Լոռի,Տաշիր / Տաշիր,ք. Տաշիրի ա/դ,80
Լոռի,Տաշիր / Տաշիր,ք. Տաշիրի թիվ 1 հմ/դ,183
Սյունիք,Քաջարան / Քաջարան,ք. Քաջարանի թիվ 1 մ/դ,196
Սյունիք,Քաջարան / Քաջարան,ք. Քաջարանի թիվ 2 մ/դ,209
Սյունիք,Քաջարան / Քաջարան,ք. Քաջարանի թիվ 5 մ/դ,28
Սյունիք,Քաջարան / Քաջարան,ք. Քաջարանի թիվ 6 հմ/դ,4
Երևան,Երևան / Քանաքեռ - Զեյթուն,ք․ Երևանի Ա.Շահինյանի անվ․ ֆիզիկամաթեմատիկական մասնագիտացված դպրոց,147
Երևան,Երևան / Ավան,ք․ Երևանի Զապել Եսայանի անվան հ. 180 հիմնական դպրոց ՊՈԱԿ,404
Արմավիր,Վաղարշապատ / Ֆերիկ,Ֆերիկի Ռզալիե Ռաշիդի Օզմանյանի անվան միջնակարգ դպրոց,23
